0,0.00295
0.001,0.002761
0.002,0.003475
0.003,0.002124
0.004,0.002024
0.005,0.001969
0.006,0.001407
0.007,0.000496
0.008,-0.000482
0.009,-0.000864
0.01,-0.001601
0.011,-0.001157
0.012,-0.001669
0.013,-0.000491
0.014,-0.000742
0.015,9.74E-05
0.016,0.000403
0.017,0.001059
0.018,0.00242
0.019,0.002436
0.02,0.003131
0.021,0.003317
0.022,0.003887
0.023,0.003121
0.024,0.00204
0.025,0.001435
0.026,0.001921
0.027,0.001223
0.028,-0.000893
0.029,-0.00053
0.03,-0.000671
0.031,-0.001961
0.032,-0.001173
0.033,-0.000874
0.034,-0.000218
0.035,0.000419
0.036,0.001027
0.037,0.001574
0.038,0.002536
0.039,0.002709
0.04,0.0027
0.041,0.002841
0.042,0.00295
0.043,0.003127
0.044,0.002388
0.045,0.001474
0.046,0.001024
0.047,0.000236
0.048,-0.000774
0.049,-0.000462
0.05,-0.000562
0.051,-0.001125
0.052,-0.003766
0.053,-0.001044
0.054,-0.000549
0.055,-0.000205
0.056,0.000348
0.057,0.001522
0.058,-0.00678
0.059,0.003063
0.06,0.002754
0.061,0.002905
0.062,0.002934
0.063,0.00261
0.064,-0.008729
0.065,0.001043
0.066,0.001037
0.067,0.00038
0.068,-0.000562
0.069,-0.000958
0.07,-0.010659
0.071,-0.001125
0.072,-0.001765
0.073,-0.000604
0.074,7.17E-05
0.075,-7.95E-05
0.076,-0.005792
0.077,0.0015
0.078,0.002211
0.079,0.002648
0.08,0.002642
0.081,0.003726
0.082,0.002207
0.083,0.002928
0.084,0.003163
0.085,0.001207
0.086,0.000992
0.087,0.000863
0.088,7.17E-05
0.089,-0.000729
0.09,-0.00135
0.091,-0.001816
0.092,-0.001434
0.093,-0.000864
0.094,-0.000713
0.095,-0.000588
0.096,6.20E-05
0.097,0.001513
0.098,0.001477
0.099,0.001616
0.1,0.002304
0.101,0.002954
0.102,0.003558
0.103,0.003256
0.104,0.002346
0.105,0.001693
0.106,0.001635
0.107,0.000348
0.108,-0.000835
0.109,-0.001051
0.11,-0.000565
0.111,-0.001556
0.112,-0.00126
0.113,-0.001154
0.114,-0.000514
0.115,-0.000102
0.116,0.000351
0.117,0.001657
0.118,0.002825
0.119,0.002014
0.12,0.00288
0.121,0.003047
0.122,0.003176
0.123,0.003086
0.124,0.001738
0.125,0.001236
0.126,0.001696
0.127,0.000721
0.128,-0.000655
0.129,-0.001398
0.13,-0.000704
0.131,-0.001128
0.132,-0.001504
0.133,-0.001617
0.134,-0.000311
0.135,-0.000749
0.136,0.00057
0.137,0.001564
0.138,0.002275
0.139,0.003243
0.14,0.002548
0.141,0.002812
0.142,0.003382
0.143,0.00288
0.144,0.002449
0.145,0.001474
0.146,0.001082
0.147,0.000525
0.148,-0.000273
0.149,-0.000803
0.15,-0.000649
0.151,-0.001369
0.152,-0.001376
0.153,-0.001254
0.154,-0.001241
0.155,0.000734
0.156,0.0004
0.157,0.000937
0.158,0.002793
0.159,0.002211
0.16,0.00204
0.161,0.002613
0.162,0.003475
0.163,0.002014
0.164,0.001979
0.165,0.001892
0.166,0.00131
0.167,0.0013
0.168,-0.00127
0.169,-0.000996
0.17,-0.000913
0.171,-0.000874
0.172,-0.001102
0.173,-0.001556
0.174,-0.001173
0.175,-0.000118
0.176,0.000274
0.177,-0.000749
0.178,0.002256
0.179,0.002719
0.18,0.00314
0.181,0.003243
0.182,0.003198
0.183,-0.007227
0.184,0.002365
0.185,0.002169
0.186,0.000792
0.187,0.001091
0.188,-0.000929
0.189,-0.014528
0.19,0.000113
0.191,-0.001199
0.192,-0.001607
0.193,-0.001215
0.194,-0.001186
0.195,-0.012582
0.196,0.00011
0.197,0.001358
0.198,0.002622
0.199,0.003082
0.2,0.002661
0.201,-0.005088
0.202,0.003057
0.203,0.002568
0.204,0.002764
0.205,0.001172
0.206,0.001326
0.207,-0.00375
0.208,-0.000295
0.209,5.24E-05
0.21,-0.001006
0.211,-0.000919
0.212,-0.002621
0.213,-0.000897
0.214,-0.000794
0.215,-0.000324
0.216,9.42E-05
0.217,0.002069
0.218,0.002487
0.219,0.002912
0.22,0.001217
0.221,0.003645
0.222,0.003256
0.223,0.002757
0.224,0.002796
0.225,0.002404
0.226,0.001767
0.227,-0.000137
0.228,-0.000819
0.229,-0.001752
0.23,-0.001073
0.231,-0.001366
0.232,-0.001469
0.233,-0.001283
0.234,-0.001151
0.235,-5.06E-05
0.236,0.000242
0.237,0.001583
0.238,0.002243
0.239,0.002182
0.24,0.002944
0.241,0.003642
0.242,0.003201
0.243,0.002667
0.244,0.002172
0.245,0.001394
0.246,0.002005
0.247,0.000239
0.248,-0.000115
0.249,-0.000755
0.25,-0.000868
0.251,-0.001273
0.252,-0.001283
0.253,-0.002209
0.254,-0.000903
0.255,-0.000424
0.256,0.000265
0.257,0.00177
0.258,0.001513
0.259,0.002983
0.26,0.002642
0.261,0.002899
0.262,0.003153
0.263,0.003385
0.264,0.001809
0.265,0.002014
0.266,0.001278
0.267,-3.45E-05
0.268,-0.000961
0.269,-0.000816
0.27,-0.001209
0.271,-0.000588
0.272,-0.00043
0.273,-0.001508
0.274,-0.000893
0.275,-0.000501
0.276,8.77E-05
0.277,0.000541
0.278,0.002693
0.279,0.003105
0.28,0.002642
0.281,0.002452
0.282,0.002217
0.283,0.003246
0.284,0.002745
0.285,0.001378
0.286,0.001403
0.287,0.000516
0.288,-0.000166
0.289,-0.000662
0.29,-0.001295
0.291,-0.00189
0.292,-0.000613
0.293,-0.002
0.294,-0.000202
0.295,0.000493
0.296,6.52E-05
0.297,0.000834
0.298,0.002645
0.299,0.002548
0.3,0.002352
0.301,0.00306
0.302,-0.000224
0.303,0.002757
0.304,0.001657
0.305,0.001979
0.306,0.001825
0.307,-0.000845
0.308,-0.011183
0.309,-0.000659
0.31,-0.001048
0.311,-0.00164
0.312,-0.000649
0.313,-0.001488
0.314,-0.015767
0.315,-2.33E-06
0.316,1.38E-05
0.317,0.001645
0.318,0.002754
0.319,0.002326
0.32,-0.011724
0.321,0.003423
0.322,0.002796
0.323,0.002632
0.324,0.00261
0.325,0.001542
0.326,-0.008555
0.327,0.000551
0.328,1.38E-05
0.329,-0.000691
0.33,-0.001559
0.331,-0.002321
0.332,-0.00705
0.333,-0.001816
0.334,-0.000639
0.335,7.17E-05
0.336,0.000773
0.337,0.001503
0.338,0.002568
0.339,0.002909
0.34,0.002684
0.341,0.002716
0.342,0.003539
0.343,0.002497
0.344,0.002436
0.345,0.001648
0.346,0.001107
0.347,-4.09E-05
0.348,-0.001408
0.349,-0.002128
0.35,-0.000774
0.351,-0.001681
0.352,-0.001585
0.353,-0.001479
0.354,-0.001958
0.355,-6.02E-05
0.356,8.89E-07
0.357,0.001316
0.358,0.003182
0.359,0.001892
0.36,0.002555
0.361,0.003185
0.362,0.003308
0.363,0.003259
0.364,0.002214
0.365,0.002185
0.366,0.000824
0.367,0.000284
0.368,-0.001656
0.369,-0.001363
0.37,-0.000594
0.371,-0.001141
0.372,-0.001321
0.373,-0.001669
0.374,-0.0009
0.375,-9.56E-05
0.376,0.000232
0.377,0.001133
0.378,0.002793
0.379,0.001934
0.38,0.002667
0.381,0.002433
0.382,0.002352
0.383,0.002854
0.384,0.002664
0.385,0.001336
0.386,0.001735
0.387,-0.000446
0.388,-0.0008
0.389,-0.00135
0.39,-0.001289
0.391,-0.000874
0.392,-0.001424
0.393,-0.002228
0.394,-0.000314
0.395,0.000159
0.396,-0.000105
0.397,0.000339
0.398,0.001995
0.399,0.002838
0.4,0.003928
0.401,0.003227
0.402,0.002819
0.403,0.00279
0.404,0.002018
0.405,0.001078
0.406,0.002127
0.407,0.001217
0.408,-0.000964
0.409,-0.000273
0.41,-0.000948
0.411,-0.001334
0.412,-0.000845
0.413,-0.001373
0.414,-0.000536
0.415,0.000596
0.416,0.001722
0.417,0.00185
0.418,0.002037
0.419,0.00279
0.42,0.002687
0.421,0.002854
0.422,0.003433
0.423,0.004034
0.424,0.001188
0.425,0.001181
0.426,0.001764
0.427,-0.002315
0.428,-0.000134
0.429,-0.001151
0.43,-0.001196
0.431,-0.001981
0.432,-0.00246
0.433,-0.011321
0.434,-0.000655
0.435,-0.000108
0.436,-0.000379
0.437,0.000622
0.438,0.001715
0.439,-0.012782
0.44,0.003398
0.441,0.003034
0.442,0.002735
0.443,0.00278
0.444,0.003105
0.445,-0.013042
0.446,0.001809
0.447,0.000355
0.448,-0.000108
0.449,-0.000774
0.45,-0.000806
0.451,-0.013039
0.452,-0.000189
0.453,-0.00135
0.454,-0.000681
0.455,2.02E-05
0.456,-0.00033
0.457,-0.003621
0.458,0.002085
0.459,0.002709
0.46,0.00277
0.461,0.003095
0.462,0.003697
0.463,0.003533
0.464,0.00259
0.465,0.002063
0.466,0.00132
0.467,6.84E-05
0.468,-0.000903
0.469,-0.000945
0.47,-0.004168
0.471,-0.000652
0.472,-0.001791
0.473,-0.003312
0.474,-6.67E-05
0.475,-0.00071
0.476,-0.004776
0.477,0.001136
0.478,0.001297
0.479,0.002275
0.48,0.002555
0.481,0.002963
0.482,0.000519
0.483,0.003115
0.484,0.002445
0.485,0.001696
0.486,0.001159
0.487,0.000107
0.488,-0.001205
0.489,-0.00071
0.49,-0.001771
0.491,-0.002231
0.492,-0.000559
0.493,-0.001472
0.494,-0.000726
0.495,-0.000195
0.496,8.89E-07
0.497,0.001426
0.498,0.001876
0.499,0.001982
0.5,0.00325
0.501,0.003488
0.502,0.002397
0.503,0.002105
0.504,0.002034
0.505,0.002236
0.506,0.001934
0.507,0.000625
0.508,0.000191
0.509,-0.001289
0.51,-0.001453
0.511,-0.001086
0.512,-0.00135
0.513,-0.000623
0.514,-0.000472
0.515,0.000371
0.516,0.000364
0.517,0.000792
0.518,0.002207
0.519,0.002185
0.52,0.00307
0.521,0.002844
0.522,0.002436
0.523,0.003385
0.524,0.002864
0.525,0.001793
0.526,0.001786
0.527,6.52E-05
0.528,-0.000446
0.529,-0.000469
0.53,-0.001382
0.531,-0.001559
0.532,-0.00071
0.533,-0.001598
0.534,-0.000668
0.535,0.000844
0.536,-0.000276
0.537,0.001648
0.538,0.00415
0.539,0.002121
0.54,0.002848
0.541,0.003143
0.542,0.002954
0.543,0.003156
0.544,0.00223
0.545,0.001995
0.546,0.001091
0.547,0.000194
0.548,-0.000977
0.549,-0.001903
0.55,-0.001392
0.551,-0.001935
0.552,-0.003901
0.553,-0.000871
0.554,0.000197
0.555,-0.00025
0.556,0.000297
0.557,0.000869
0.558,-0.00862
0.559,0.002526
0.56,0.002436
0.561,0.003562
0.562,0.002581
0.563,0.002918
0.564,-0.014631
0.565,0.001349
0.566,0.001349
0.567,0.000261
0.568,-0.000353
0.569,-0.001025
0.57,-0.016751
0.571,-0.002071
0.572,-0.001617
0.573,-0.001135
0.574,-0.000951
0.575,-0.000202
0.576,-0.010508
0.577,0.001246
0.578,0.002545
0.579,0.001316
0.58,0.002629
0.581,0.003005
0.582,-0.001411
0.583,0.002732
0.584,0.002133
0.585,-0.0008
0.586,0.001049
0.587,0.001477
0.588,-0.000411
0.589,-0.00476
0.59,-0.000729
0.591,-0.005638
0.592,-0.001385
0.593,-0.00182
0.594,-0.000334
0.595,-0.008793
0.596,0.000364
0.597,-0.003164
0.598,0.001664
0.599,0.002748
0.6,0.003073
0.601,-0.006091
0.602,0.002925
0.603,0.000348
0.604,0.002182
0.605,0.001696
0.606,0.001587
0.607,-0.004676
0.608,-0.000478
0.609,-0.001044
0.61,-0.001717
0.611,-0.001411
0.612,-0.000845
0.613,-0.001701
0.614,-0.000208
0.615,0.000242
0.616,0.000329
0.617,0.001847
0.618,0.002635
0.619,0.002526
0.62,0.002864
0.621,0.002796
0.622,0.002915
0.623,0.003111
0.624,0.002188
0.625,0.001873
0.626,0.001596
0.627,0.000104
0.628,-4.41E-05
0.629,-0.000568
0.63,-0.001164
0.631,-0.001231
0.632,-0.001308
0.633,-0.001476
0.634,-0.001067
0.635,0.000181
0.636,0.000303
0.637,0.001281
0.638,0.002532
0.639,0.002674
0.64,0.002658
0.641,0.002809
0.642,0.003102
0.643,0.002661
0.644,0.003468
0.645,0.001564
0.646,0.001442
0.647,0.001056
0.648,-0.000359
0.649,-0.001057
0.65,-0.002273
0.651,-0.000491
0.652,-0.002212
0.653,-0.001511
0.654,-0.000539
0.655,-8.60E-05
0.656,6.84E-05
0.657,0.001149
0.658,0.002413
0.659,0.002671
0.66,0.003018
0.661,0.003887
0.662,0.002738
0.663,0.003179
0.664,0.002841
0.665,0.001201
0.666,0.001651
0.667,0.000692
0.668,-0.000954
0.669,-0.000723
0.67,-0.000732
0.671,-0.00172
0.672,-0.001324
0.673,-0.00024
0.674,-0.000665
0.675,8.89E-07
0.676,0.000361
0.677,-0.001266
0.678,0.001818
0.679,0.002217
0.68,0.002622
0.681,0.00279
0.682,0.003031
0.683,-0.008639
0.684,0.00259
0.685,0.001867
0.686,0.001255
0.687,0.000326
0.688,0.00011
0.689,-0.01688
0.69,-0.001311
0.691,-0.001858
0.692,-0.001919
0.693,-0.00117
0.694,-0.000414
0.695,-0.015259
0.696,0.000554
0.697,0.001567
0.698,-0.00164
0.699,0.002622
0.7,0.000754
0.701,-0.006001
0.702,0.002822
0.703,0.003034
0.704,-0.002962
0.705,0.001497
0.706,-0.001675
0.707,-0.001865
0.708,-0.001186
0.709,-0.000961
0.71,-0.007378
0.711,-0.000334
0.712,-0.001804
0.713,-0.000591
0.714,-0.009289
0.715,-8.27E-05
0.716,-0.005876
0.717,0.000194
0.718,0.002298
0.719,0.002751
0.72,-0.010553
0.721,0.002979
0.722,-0.002759
0.723,0.002954
0.724,0.002661
0.725,0.001387
0.726,-0.011807
0.727,0.000287
0.728,-0.002807
0.729,-0.00061
0.73,-0.000408
0.731,-0.001527
0.732,-0.007497
0.733,-0.001147
0.734,-0.000446
0.735,-0.000324
0.736,-0.000125
0.737,0.001114
0.738,0.00268
0.739,0.002153
0.74,0.002597
0.741,0.002555
0.742,0.002877
0.743,0.002677
0.744,0.002111
0.745,0.002455
0.746,0.001439
0.747,0.000429
0.748,-0.001247
0.749,-0.000652
0.75,-0.00126
0.751,-0.001685
0.752,-0.000446
0.753,-0.000925
0.754,-0.00035
0.755,-0.000121
0.756,-0.000736
0.757,0.001828
0.758,0.001844
0.759,0.002211
0.76,0.003333
0.761,0.003327
0.762,0.00325
0.763,0.002664
0.764,0.002491
0.765,0.001937
0.766,0.00231
0.767,0.000438
0.768,-0.000424
0.769,6.20E-05
0.77,-0.001643
0.771,-0.001533
0.772,-0.000993
0.773,-0.001572
0.774,-0.000392
0.775,2.66E-05
0.776,0.000297
0.777,0.001635
0.778,0.001812
0.779,0.002426
0.78,0.002452
0.781,0.00334
0.782,0.003044
0.783,0.002757
0.784,0.002291
0.785,0.001757
0.786,0.002185
0.787,0.000802
0.788,-0.000633
0.789,-0.00042
0.79,-0.001122
0.791,-0.00088
0.792,-0.00189
0.793,-0.001762
0.794,-0.000359
0.795,-0.000147
0.796,-0.000269
0.797,0.001284
0.798,0.002278
0.799,0.002478
0.8,0.003185
0.801,0.002944
0.802,0.0003
0.803,0.003308
0.804,0.002667
0.805,0.002362
0.806,0.001484
0.807,-0.000311
0.808,-0.011826
0.809,-0.001289
0.81,-0.000527
0.811,-0.001874
0.812,-0.001022
0.813,-0.000855
0.814,-0.015538
0.815,0.000342
0.816,-0.000134
0.817,-0.003087
0.818,0.002082
0.819,0.001419
0.82,-0.009948
0.821,0.003246
0.822,0.003755
0.823,-0.004653
0.824,0.002835
0.825,-0.00485
0.826,-0.00513
0.827,0.000622
0.828,-0.000707
0.829,-0.009166
0.83,-0.000517
0.831,-0.008304
0.832,-0.000903
0.833,-0.009108
0.834,-0.000401
0.835,-0.007767
0.836,0.000229
0.837,-0.002518
0.838,0.002014
0.839,-0.010997
0.84,0.002442
0.841,-0.004046
0.842,0.00297
0.843,0.003427
0.844,0.002375
0.845,-0.015825
0.846,0.001728
0.847,-0.004396
0.848,0.000149
0.849,-0.000353
0.85,0.000335
0.851,-0.015587
0.852,-0.001131
0.853,-0.00136
0.854,-0.000935
0.855,9.42E-05
0.856,-0.000478
0.857,-0.006217
0.858,0.002622
0.859,0.002783
0.86,0.002638
0.861,0.003172
0.862,0.002883
0.863,0.002806
0.864,0.001973
0.865,0.001908
0.866,0.001609
0.867,0.000525
0.868,4.91E-05
0.869,-0.000562
0.87,-0.000884
0.871,-0.001427
0.872,-0.001032
0.873,-0.000942
0.874,-0.000523
0.875,8.89E-07
0.876,0.000409
0.877,0.000959
0.878,0.002169
0.879,0.002474
0.88,0.003462
0.881,0.004182
0.882,0.002741
0.883,0.003867
0.884,0.002249
0.885,0.002146
0.886,0.00167
0.887,0.000976
0.888,-0.000446
0.889,-0.000716
0.89,-0.000909
0.891,-0.001498
0.892,-0.001533
0.893,-0.001363
0.894,-0.000539
0.895,0.000323
0.896,-0.000816
0.897,0.001522
0.898,0.001509
0.899,0.002815
0.9,0.002426
0.901,0.003343
0.902,0.002803
0.903,0.003037
0.904,0.002343
0.905,0.001554
0.906,0.002092
0.907,0.00094
0.908,-0.000472
0.909,-0.000404
0.91,-0.000938
0.911,-0.001276
0.912,-0.001601
0.913,-0.002231
0.914,-0.000433
0.915,-0.000205
0.916,4.11E-06
0.917,0.001088
0.918,0.00177
0.919,0.001294
0.92,0.002877
0.921,0.002844
0.922,0.003308
0.923,0.003536
0.924,0.002487
0.925,0.002008
0.926,0.00159
0.927,-0.003068
0.928,0.000528
0.929,-0.00081
0.93,-0.000835
0.931,-0.001665
0.932,-0.001874
0.933,-0.011894
0.934,-0.000366
0.935,-0.000131
0.936,-0.001115
0.937,0.001979
0.938,0.002838
0.939,-0.01117
0.94,0.002436
0.941,0.002973
0.942,-0.003701
0.943,0.00378
0.944,-0.002161
0.945,-0.008944
0.946,0.001995
0.947,0.001458
0.948,-0.009298
0.949,0.000117
0.95,-0.010282
0.951,-0.005142
0.952,-0.0041
0.953,-0.00109
0.954,-0.009314
0.955,0.000487
0.956,-0.010414
0.957,0.001461
0.958,-0.008864
0.959,0.002449
0.96,-0.003679
0.961,0.003439
0.962,-0.003724
0.963,0.003491
0.964,-0.015194
0.965,0.001645
0.966,-0.000958
0.967,0.000802
0.968,2.66E-05
0.969,-0.000668
0.97,-0.020868
0.971,-0.001266
0.972,-0.001685
0.973,-0.001225
0.974,0.001024
0.975,0.000551
0.976,-0.015307
0.977,0.000757
0.978,0.002195
0.979,0.002034
0.98,0.002587
0.981,0.003623
0.982,-0.002801
0.983,0.003861
0.984,0.002143
0.985,0.001873
0.986,0.002439
0.987,0.000644
0.988,-0.000864
0.989,-0.000353
0.99,-0.001012
0.991,-0.001125
0.992,-0.001028
0.993,-0.001485
0.994,-9.88E-05
0.995,0.000422
0.996,-0.00016
0.997,0.001786
0.998,0.002584
0.999,0.002757
1,0.002741
1.001,0.003082
1.002,0.003398
1.003,0.004182
1.004,0.002674
1.005,0.00213
1.006,0.001783
1.007,0.000532
1.008,-7.95E-05
1.009,-0.000832
1.01,-0.000591
1.011,-0.000893
1.012,-0.000552
1.013,-0.001508
1.014,-0.000105
1.015,0.000528
1.016,0.000496
1.017,0.002256
1.018,0.002339
1.019,0.002893
1.02,0.002786
1.021,0.002925
1.022,0.002542
1.023,0.003472
1.024,0.003414
1.025,0.001432
1.026,0.001802
1.027,0.000676
1.028,-0.000321
1.029,-0.000363
1.03,-0.000301
1.031,-0.001566
1.032,-0.002167
1.033,-0.001244
1.034,-0.000137
1.035,8.13E-05
1.036,0.000831
1.037,0.001603
1.038,0.002207
1.039,0.002793
1.04,0.003189
1.041,0.003205
1.042,0.003044
1.043,0.002519
1.044,0.002751
1.045,0.00205
1.046,0.001548
1.047,-0.00017
1.048,0.000287
1.049,-0.00043
1.05,-0.00071
1.051,-0.001447
1.052,-0.006844
1.053,-0.001083
1.054,3.95E-05
1.055,5.88E-05
1.056,0.000429
1.057,0.001278
1.058,-0.009057
1.059,0.002552
1.06,0.003285
1.061,0.000548
1.062,0.002944
1.063,0.003314
1.064,-0.010459
1.065,0.002088
1.066,0.001497
1.067,-0.006609
1.068,-0.001321
1.069,-0.005834
1.07,-0.010102
1.071,-0.002251
1.072,-0.001418
1.073,-0.010263
1.074,-0.000327
1.075,-0.010894
1.076,-0.000491
1.077,-0.006168
1.078,0.000712
1.079,-0.004113
1.08,0.003311
1.081,-0.008201
1.082,0.00268
1.083,-0.01163
1.084,0.002684
1.085,-0.00044
1.086,0.001757
1.087,-0.007877
1.088,0.001352
1.089,-0.019993
1.09,-0.000633
1.091,-0.001003
1.092,-0.001073
1.093,-0.001643
1.094,-0.000118
1.095,-0.019968
1.096,0.000802
1.097,0.001426
1.098,0.002269
1.099,0.002571
1.1,0.002899
1.101,-0.010993
1.102,0.003533
1.103,0.003925
1.104,0.002175
1.105,0.001751
1.106,0.001381
1.107,-0.002646
1.108,0.00086
1.109,-0.00063
1.11,-0.00071
1.111,-0.001073
1.112,-0.001083
1.113,-0.00089
1.114,-0.000279
1.115,-9.56E-05
1.116,0.000667
1.117,0.001062
1.118,0.002439
1.119,0.002645
1.12,0.003024
1.121,0.003372
1.122,0.002967
1.123,0.003192
1.124,0.002014
1.125,0.002249
1.126,0.001915
1.127,0.00086
1.128,-0.000385
1.129,-0.000186
1.13,-0.001022
1.131,-0.000437
1.132,-0.000855
1.133,-0.001164
1.134,-0.000125
1.135,-0.00016
1.136,0.000525
1.137,0.002053
1.138,0.003124
1.139,0.002593
1.14,0.003089
1.141,0.00362
1.142,0.003163
1.143,0.002774
1.144,0.002642
1.145,0.002478
1.146,0.0015
1.147,0.000351
1.148,-0.000568
1.149,-0.001077
1.15,-0.000581
1.151,-0.00181
1.152,-0.000507
1.153,-0.001562
1.154,-0.000456
1.155,-0.000179
1.156,0.000403
1.157,0.001059
1.158,0.002568
1.159,0.002452
1.16,0.002629
1.161,0.003034
1.162,0.003102
1.163,0.003401
1.164,0.002047
1.165,0.001603
1.166,0.001612
1.167,0.000799
1.168,-0.000501
1.169,-0.000694
1.17,-0.001135
1.171,-0.000874
1.172,-0.001334
1.173,-0.001237
1.174,-0.00053
1.175,-0.001292
1.176,0.000194
1.177,-0.004062
1.178,0.002532
1.179,0.002269
1.18,0.002938
1.181,-0.001961
1.182,0.002864
1.183,-0.008308
1.184,0.001407
1.185,0.002748
1.186,-0.001382
1.187,-0.006172
1.188,-0.000781
1.189,-0.01266
1.19,-0.001279
1.191,-0.000845
1.192,-0.008375
1.193,-0.007043
1.194,-0.00511
1.195,-0.006294
1.196,-0.004502
1.197,-0.003084
1.198,-0.004341
1.199,-0.000527
1.2,-0.007105
1.201,0.002613
1.202,-0.006812
1.203,-0.001064
1.204,-8.27E-05
1.205,0.00269
1.206,-0.008848
1.207,0.000705
1.208,-0.016269
1.209,-0.000543
1.21,4.59E-05
1.211,-0.000186
1.212,-0.008665
1.213,-0.000382
1.214,-0.01999
1.215,0.000795
1.216,0.000499
1.217,0.001538
1.218,0.002555
1.219,0.002925
1.22,-0.01659
1.221,0.00378
1.222,0.003591
1.223,0.003922
1.224,0.002378
1.225,0.001998
1.226,-0.009465
1.227,0.001259
1.228,-0.000295
1.229,-0.000144
1.23,-0.000655
1.231,-0.000639
1.232,-0.001237
1.233,-0.001086
1.234,-3.13E-05
1.235,0.000255
1.236,0.000532
1.237,0.000876
1.238,0.002439
1.239,0.002288
1.24,0.002934
1.241,0.003221
1.242,0.003999
1.243,0.003594
1.244,0.002098
1.245,0.001542
1.246,0.002092
1.247,-0.000395
1.248,-0.000819
1.249,-0.000163
1.25,-0.000478
1.251,-0.000646
1.252,-0.001601
1.253,-0.001508
1.254,-0.000385
1.255,-0.00052
1.256,0.000432
1.257,0.001481
1.258,0.001818
1.259,0.003095
1.26,0.002889
1.261,0.003015
1.262,0.003751
1.263,0.004051
1.264,0.002159
1.265,0.001214
1.266,0.002211
1.267,0.000522
1.268,-0.000427
1.269,0.00011
1.27,-0.000601
1.271,-0.001016
1.272,-0.001604
1.273,-0.001595
1.274,-0.001016
1.275,0.00022
1.276,0.000499
1.277,0.001172
1.278,0.002388
1.279,0.002359
1.28,0.002835
1.281,0.003037
1.282,0.002902
1.283,0.003784
1.284,0.002256
1.285,0.00168
1.286,0.001262
1.287,0.000792
1.288,-6.34E-05
1.289,-0.000913
1.29,-0.001012
1.291,-0.000839
1.292,-0.001012
1.293,-0.001604
1.294,-0.001874
1.295,-0.000433
1.296,-4.09E-05
1.297,0.001493
1.298,0.002349
1.299,0.003314
1.3,-0.006522
1.301,0.002912
1.302,-0.003502
1.303,0.001937
1.304,0.002593
1.305,0.001551
1.306,-0.011778
1.307,0.000869
1.308,-0.011608
1.309,-0.00125
1.31,-0.001186
1.311,-0.002463
1.312,-0.012943
1.313,-0.001353
1.314,-0.011302
1.315,-0.003212
1.316,-0.003052
1.317,-0.003286
1.318,-0.005599
1.319,-0.000681
1.32,-0.001305
1.321,-0.003184
1.322,-0.005438
1.323,0.001069
1.324,0.0002
1.325,-0.005033
1.326,0.00232
1.327,-0.010649
1.328,-0.007497
1.329,0.000631
1.33,-0.001279
1.331,-0.008909
1.332,-0.000343
1.333,-0.017098
1.334,-0.001598
1.335,-0.000218
1.336,0.000651
1.337,-0.003492
1.338,0.002002
1.339,-0.015741
1.34,0.003658
1.341,0.002806
1.342,0.003143
1.343,0.002519
1.344,0.002491
1.345,-0.013518
1.346,0.001812
1.347,0.000789
1.348,0.000561
1.349,0.000779
1.35,-0.000839
1.351,-0.006976
1.352,-0.001373
1.353,-0.00089
1.354,-0.00063
1.355,0.000686
1.356,0.000564
1.357,0.002159
1.358,0.002455
1.359,0.001506
1.36,0.003439
1.361,0.003327
1.362,0.003481
1.363,0.00389
1.364,0.002886
1.365,0.002378
1.366,0.002922
1.367,0.000229
1.368,0.000229
1.369,0.000898
1.37,-0.000681
1.371,-0.001041
1.372,-0.000732
1.373,-0.00145
1.374,-0.000961
1.375,-0.000398
1.376,2.34E-05
1.377,0.001725
1.378,0.002031
1.379,0.002043
1.38,0.003632
1.381,0.002957
1.382,0.0038
1.383,0.002873
1.384,0.002468
1.385,0.001522
1.386,0.000985
1.387,0.000998
1.388,0.000477
1.389,0.000187
1.39,-0.001009
1.391,-0.001135
1.392,-0.001562
1.393,-0.001778
1.394,-0.000803
1.395,0.000113
1.396,0.000387
1.397,0.001747
1.398,0.001735
1.399,0.002378
1.4,0.002709
1.401,0.003722
1.402,0.003266
1.403,0.003124
1.404,0.003053
1.405,0.001847
1.406,0.002021
1.407,0.000281
1.408,-0.000456
1.409,0.000934
1.41,-0.001032
1.411,-0.001057
1.412,-0.000337
1.413,-0.000652
1.414,-0.00053
1.415,-0.000134
1.416,-0.000491
1.417,0.001265
1.418,0.001982
1.419,-0.006255
1.42,0.003636
1.421,0.002375
1.422,0.002516
1.423,0.003291
1.424,0.003092
1.425,-0.013837
1.426,0.002709
1.427,-0.00685
1.428,-0.003624
1.429,0.000319
1.43,-0.000848
1.431,-0.01889
1.432,-0.001344
1.433,-0.012801
1.434,-0.004303
1.435,-0.000353
1.436,-0.001157
1.437,-0.013004
1.438,0.001661
1.439,-0.008922
1.44,-0.001662
1.441,-0.003492
1.442,0.002774
1.443,-0.004956
1.444,0.002626
1.445,-0.000964
1.446,-0.004094
1.447,-0.009842
1.448,-0.00024
1.449,-0.001472
1.45,-0.003836
1.451,-0.001135
1.452,-0.01117
1.453,-0.008465
1.454,-6.67E-05
1.455,0.000622
1.456,-0.002974
1.457,0.000734
1.458,-0.011434
1.459,0.001214
1.46,0.003002
1.461,0.003256
1.462,0.00222
1.463,0.003275
1.464,-0.012624
1.465,0.002381
1.466,0.001587
1.467,0.000963
1.468,0.000409
1.469,-0.000494
1.47,-0.012293
1.471,-0.001588
1.472,-0.001231
1.473,-0.000655
1.474,-0.000845
1.475,-0.000199
1.476,-0.002855
1.477,0.000982
1.478,0.002294
1.479,0.002651
1.48,0.003163
1.481,0.003665
1.482,0.003549
1.483,0.003404
1.484,0.002314
1.485,0.001587
1.486,0.00259
1.487,0.000599
1.488,-0.000494
1.489,-0.000154
1.49,8.77E-05
1.491,-0.000202
1.492,-0.000617
1.493,-0.001646
1.494,-0.000739
1.495,0.000535
1.496,0.000355
1.497,0.001641
1.498,0.002996
1.499,0.002085
1.5,0.002725
1.501,0.003488
1.502,0.00323
1.503,0.00387
1.504,0.002597
1.505,0.001841
1.506,0.002571
1.507,0.000705
1.508,-6.02E-05
1.509,-0.000308
1.51,-0.000572
1.511,-0.001588
1.512,-0.00081
1.513,-0.001041
1.514,-0.00126
1.515,0.000245
1.516,0.000516
1.517,0.001249
1.518,0.002619
1.519,0.002822
1.52,0.003221
1.521,0.002648
1.522,0.0037
1.523,0.003349
1.524,0.003131
1.525,0.002027
1.526,0.001223
1.527,0.001326
1.528,-0.000273
1.529,-6.34E-05
1.53,-0.001453
1.531,-0.001382
1.532,-0.001347
1.533,-0.001726
1.534,-0.000803
1.535,-0.000443
1.536,0.000139
1.537,0.001548
1.538,-0.000125
1.539,0.003224
1.54,0.003124
1.541,0.003121
1.542,0.003163
1.543,0.004199
1.544,-0.011489
1.545,0.001883
1.546,-0.000215
1.547,-0.000742
1.548,-0.000221
1.549,-0.000646
1.55,-0.020479
1.551,-0.00145
1.552,-0.010067
1.553,-0.004985
1.554,-8.76E-06
1.555,-0.000604
1.556,-0.020135
1.557,0.001503
1.558,-0.009993
1.559,0.000368
1.56,0.000168
1.561,0.003639
1.562,-0.010961
1.563,0.003906
1.564,-0.007301
1.565,-0.00043
1.566,-0.007336
1.567,0.001776
1.568,-0.007359
1.569,0.000104
1.57,-0.004039
1.571,-0.005323
1.572,-0.011412
1.573,-0.001485
1.574,-0.000105
1.575,7.81E-05
1.576,0.000461
1.577,-0.004994
1.578,-0.005316
1.579,0.002841
1.58,0.003269
1.581,0.003211
1.582,0.002973
1.583,-0.005757
1.584,0.00269
1.585,0.00215
1.586,0.002252
1.587,0.001291
1.588,0.000101
1.589,-0.009633
1.59,-0.000687
1.591,-0.000906
1.592,-0.001167
1.593,-0.000964
1.594,-0.000189
1.595,-0.006712
1.596,0.001188
1.597,0.001307
1.598,0.002462
1.599,0.003111
1.6,0.003446
1.601,0.00371
1.602,0.003796
1.603,0.004163
1.604,0.002307
1.605,0.002548
1.606,0.001358
1.607,0.002198
1.608,0.000146
1.609,2.98E-05
1.61,-2.16E-05
1.611,-0.001292
1.612,-0.000861
1.613,-0.001073
1.614,-6.02E-05
1.615,0.000149
1.616,0.000573
1.617,0.001117
1.618,0.001937
1.619,0.002259
1.62,0.00268
1.621,0.003414
1.622,0.002996
1.623,0.002667
1.624,0.002619
1.625,0.00242
1.626,0.003053
1.627,0.001455
1.628,-0.001212
1.629,-0.000472
1.63,-0.001266
1.631,-0.001533
1.632,-0.001212
1.633,-0.000742
1.634,-0.001147
1.635,0.000239
1.636,0.000323
1.637,0.001056
1.638,0.002014
1.639,0.00261
1.64,0.003774
1.641,0.003166
1.642,0.002523
1.643,0.003658
1.644,0.004083
1.645,0.002687
1.646,0.002372
1.647,0.000184
1.648,-0.000118
1.649,-0.000343
1.65,-0.000646
1.651,-0.000128
1.652,-0.00236
1.653,-0.001771
1.654,-0.000967
1.655,0.000969
1.656,0.001046
1.657,0.001069
1.658,0.001973
1.659,0.00222
1.66,0.003623
1.661,0.002545
1.662,0.002857
1.663,-0.003238
1.664,0.002667
1.665,0.0027
1.666,0.002462
1.667,0.001262
1.668,9.42E-05
1.669,-0.015857
1.67,-0.000813
1.671,-0.00494
1.672,-0.003901
1.673,-0.001784
1.674,-0.001521
1.675,-0.019932
1.676,-0.000147
1.677,-0.008028
1.678,-4.09E-05
1.679,0.002426
1.68,0.003455
1.681,-0.01476
1.682,0.003989
1.683,-0.00916
1.684,0.000853
1.685,-0.001945
1.686,0.001998
1.687,-0.009443
1.688,0.000133
1.689,-0.01036
1.69,-0.00145
1.691,-0.00896
1.692,-0.001427
1.693,-0.005007
1.694,-0.000485
1.695,-0.003496
1.696,0.000471
1.697,-0.006725
1.698,0.002696
1.699,0.003082
1.7,0.002577
1.701,0.003658
1.702,0.001783
1.703,-0.0009
1.704,0.003253
1.705,0.002635
1.706,0.001345
1.707,0.001021
1.708,-0.003637
1.709,0.000213
1.71,0.000712
1.711,-0.000485
1.712,-0.001437
1.713,-0.001582
1.714,-0.004177
1.715,0.000117
1.716,0.000593
1.717,0.001683
1.718,0.002729
1.719,0.003089
1.72,0.002574
1.721,0.003353
1.722,0.003311
1.723,0.003571
1.724,0.002706
1.725,0.002384
1.726,0.002462
1.727,0.000947
1.728,0.001017
1.729,-0.000459
1.73,-0.001044
1.731,-0.000823
1.732,-0.001427
1.733,-0.001405
1.734,6.52E-05
1.735,-2.81E-05
1.736,-3.45E-05
1.737,0.001902
1.738,0.002343
1.739,0.002745
1.74,0.003491
1.741,0.002822
1.742,0.003575
1.743,0.004128
1.744,0.00297
1.745,0.002622
1.746,0.002008
1.747,0.001107
1.748,0.000847
1.749,0.000155
1.75,-0.001054
1.751,-0.000887
1.752,-0.00071
1.753,-0.001164
1.754,-0.000408
1.755,0.000249
1.756,0.000316
1.757,0.00068
1.758,0.002359
1.759,0.002619
1.76,0.003005
1.761,0.003082
1.762,0.002667
1.763,0.00323
1.764,0.003185
1.765,0.001027
1.766,0.001969
1.767,7.49E-05
1.768,0.000416
1.769,0.000339
1.77,-0.001418
1.771,-0.001138
1.772,-0.001669
1.773,-0.001357
1.774,-0.000739
1.775,0.000323
1.776,0.000728
1.777,0.001136
1.778,0.002182
1.779,0.002922
1.78,0.002999
1.781,0.003639
1.782,0.00297
1.783,0.00397
1.784,0.001571
1.785,0.00215
1.786,0.001696
1.787,0.001455
1.788,-0.00696
1.789,-0.00016
1.79,-0.000334
1.791,-0.00127
1.792,-0.000716
1.793,-0.000835
1.794,-0.01503
1.795,0.000364
1.796,-0.002987
1.797,0.001249
1.798,0.002751
1.799,0.003269
1.8,-0.012541
1.801,0.003301
1.802,-0.006844
1.803,0.003562
1.804,0.001976
1.805,0.002272
1.806,-0.01073
1.807,0.000795
1.808,-0.012454
1.809,-0.000221
1.81,-0.005464
1.811,1.38E-05
1.812,-0.007857
1.813,-0.000938
1.814,-0.011498
1.815,0.000242
1.816,-0.005387
1.817,0.001754
1.818,0.002336
1.819,0.002819
1.82,-0.000633
1.821,0.003623
1.822,-0.001302
1.823,0.00352
1.824,0.00307
1.825,0.002735
1.826,0.001288
1.827,0.002169
1.828,-0.000189
1.829,-0.000732
1.83,-0.001199
1.831,-0.000964
1.832,-0.000433
1.833,-0.000845
1.834,-0.001266
1.835,0.000232
1.836,0.000586
1.837,0.000918
1.838,0.001603
1.839,0.002182
1.84,0.003259
1.841,0.002996
1.842,0.003822
1.843,0.003652
1.844,0.002838
1.845,0.001776
1.846,0.002445
1.847,0.001111
1.848,-3.77E-05
1.849,0.000779
1.85,-0.000237
1.851,0.000303
1.852,-0.001244
1.853,-0.00135
1.854,-0.001099
1.855,0.000487
1.856,2.02E-05
1.857,0.00086
1.858,0.001799
1.859,0.002323
1.86,0.00361
1.861,0.003433
1.862,0.003716
1.863,0.003407
1.864,0.003298
1.865,0.002397
1.866,0.002947
1.867,0.001259
1.868,-0.000199
1.869,-0.000285
1.87,-0.000852
1.871,-0.001678
1.872,-0.001874
1.873,-0.001244
1.874,-0.000803
1.875,0.000323
1.876,0.000274
1.877,0.000831
1.878,0.001899
1.879,0.002326
1.88,0.003131
1.881,0.002831
1.882,0.003636
1.883,0.003359
1.884,0.002712
1.885,0.002101
1.886,0.002259
1.887,0.001805
1.888,0.000834
1.889,-3.77E-05
1.89,-0.001012
1.891,-0.000675
1.892,-0.000247
1.893,-0.001437
1.894,-0.000141
1.895,-0.000105
1.896,-0.000385
1.897,0.001432
1.898,0.002487
1.899,0.003195
1.9,0.002973
1.901,0.003227
1.902,0.00497
1.903,0.003449
1.904,0.003291
1.905,0.00168
1.906,0.002513
1.907,0.001226
1.908,0.00013
1.909,-0.000324
1.91,-0.000858
1.911,-0.000861
1.912,-0.001299
1.913,-0.004132
1.914,-0.000388
1.915,-0.00072
1.916,0.000799
1.917,0.00195
1.918,0.002117
1.919,-0.006181
1.92,0.003854
1.921,-0.000321
1.922,0.003346
1.923,0.00379
1.924,0.003201
1.925,-0.007677
1.926,0.001693
1.927,-0.008279
1.928,-0.000131
1.929,0.000239
1.93,-0.000987
1.931,-0.006657
1.932,-0.000781
1.933,-0.013222
1.934,0.000789
1.935,-0.002563
1.936,0.001378
1.937,0.001503
1.938,0.002047
1.939,-0.008034
1.94,0.003484
1.941,-0.000221
1.942,0.002848
1.943,0.003771
1.944,0.002796
1.945,-0.002556
1.946,0.002018
1.947,0.000329
1.948,0.000329
1.949,-6.67E-05
1.95,-0.001463
1.951,-0.000539
1.952,-0.001463
1.953,-0.001385
1.954,-0.000594
1.955,-0.00052
1.956,0.001329
1.957,0.001902
1.958,0.002092
1.959,0.003018
1.96,0.003478
1.961,0.003488
1.962,0.00315
1.963,0.003455
1.964,0.003137
1.965,0.002182
1.966,0.000397
1.967,0.001432
1.968,9.74E-05
1.969,0.000216
1.97,-0.00079
1.971,-0.00071
1.972,-0.000752
1.973,-0.00117
1.974,-0.000839
1.975,-0.00026
1.976,0.000596
1.977,0.00139
1.978,0.002674
1.979,0.002661
1.98,0.002629
1.981,0.002748
1.982,0.003182
1.983,0.00406
1.984,0.002864
1.985,0.00325
1.986,0.001503
1.987,0.001304
1.988,0.000306
1.989,-0.000218
1.99,-0.00135
1.991,-0.000289
1.992,-0.001749
1.993,-0.001183
1.994,-0.000961
1.995,-0.000363
1.996,-0.000292
1.997,0.001654
1.998,0.002043
1.999,0.003028
2,0.00362
2.001,0.003719
2.002,0.0027
2.003,0.002922
2.004,0.002034
2.005,0.0026
2.006,0.001796
2.007,9.74E-05
2.008,0.000294
2.009,-0.000398
2.01,-0.000478
2.011,-0.000813
2.012,-0.001241
2.013,-0.000408
2.014,-0.000337
2.015,-0.000752
2.016,0.000207
2.017,0.000792
2.018,0.001571
2.019,0.002661
2.02,0.003378
2.021,0.001973
2.022,0.003288
2.023,0.003681
2.024,0.004311
2.025,0.002741
2.026,0.002179
2.027,0.001043
2.028,0.00012
2.029,-0.000321
2.03,-0.000372
2.031,-0.000562
2.032,-0.000948
2.033,-0.001048
2.034,-0.000758
2.035,-0.000556
2.036,7.17E-05
2.037,0.001304
2.038,0.001516
2.039,0.003047
2.04,0.002388
2.041,0.003308
2.042,0.003497
2.043,0.003632
2.044,0.001133
2.045,0.002082
2.046,-0.000639
2.047,0.001162
2.048,0.000532
2.049,0.000509
2.05,-0.002518
2.051,-0.000868
2.052,-0.009462
2.053,-0.001067
2.054,-0.000298
2.055,0.00012
2.056,0.000705
2.057,0.000853
2.058,-0.010061
2.059,0.002179
2.06,0.003105
2.061,0.003143
2.062,0.003417
2.063,0.002976
2.064,-0.008497
2.065,0.002844
2.066,0.00131
2.067,0.001879
2.068,-0.000154
2.069,-8.76E-06
2.07,-0.006638
2.071,-0.000562
2.072,-0.001434
2.073,-0.001019
2.074,0.000303
2.075,-0.000372
2.076,6.84E-05
2.077,0.001316
2.078,0.001493
2.079,0.002314
2.08,0.0026
2.081,0.002323
2.082,0.003057
2.083,0.003414
2.084,0.0024
2.085,0.002696
2.086,0.001944
2.087,0.001513
2.088,0.000844
2.089,-0.000864
2.09,-0.000707
2.091,-0.000684
2.092,-0.001093
2.093,-0.000983
2.094,-0.000527
2.095,-0.000137
2.096,0.000139
2.097,0.000779
2.098,0.001883
2.099,0.003967
2.1,0.003275
2.101,0.00278
2.102,0.004176
2.103,0.003713
2.104,0.003211
2.105,0.002304
2.106,0.002597
2.107,0.0013
2.108,0.000622
2.109,-0.000279
2.11,-0.000491
2.111,-0.000787
2.112,-0.000758
2.113,-0.001595
2.114,-0.000948
2.115,-0.000301
2.116,0.000664
2.117,0.000165
2.118,0.001828
2.119,0.002877
2.12,0.003317
2.121,0.00268
2.122,0.003726
2.123,0.003677
2.124,0.003346
2.125,0.00269
2.126,0.001812
2.127,0.001571
2.128,0.001181
2.129,-0.000491
2.13,-0.000916
2.131,-0.000649
2.132,-0.001855
2.133,-0.001865
2.134,-0.000192
2.135,-0.000398
2.136,7.17E-05
2.137,0.000503
2.138,0.00167
2.139,0.002307
2.14,0.003092
2.141,0.002848
2.142,0.003047
2.143,0.003185
2.144,0.002359
2.145,0.002394
2.146,0.002069
2.147,0.001371
2.148,0.000487
2.149,-0.00062
2.15,-0.000971
2.151,-0.000655
2.152,-0.001447
2.153,-0.001952
2.154,-0.000729
2.155,0.000728
2.156,0.000419
2.157,-0.000234
2.158,0.001709
2.159,0.002355
2.16,0.003362
2.161,0.002954
2.162,0.003504
2.163,0.004102
2.164,0.002851
2.165,0.002056
2.166,0.001828
2.167,0.001471
2.168,0.000599
2.169,-0.000398
2.17,-0.00053
2.171,-0.002048
2.172,-0.001508
2.173,-0.001514
2.174,-0.00034
2.175,-0.00017
2.176,0.000914
2.177,-0.006288
2.178,0.001969
2.179,0.002021
2.18,0.002983
2.181,0.002613
2.182,0.003137
2.183,-0.008008
2.184,0.002388
2.185,0.002616
2.186,0.002021
2.187,0.001571
2.188,0.001085
2.189,-0.012045
2.19,-0.000668
2.191,0.000242
2.192,-0.001279
2.193,-0.001331
2.194,-0.000874
2.195,-0.007912
2.196,0.000744
2.197,0.000351
2.198,0.001664
2.199,0.003166
2.2,0.002883
2.201,0.002558
2.202,0.00277
2.203,0.003925
2.204,0.002536
2.205,0.002137
2.206,0.001664
2.207,0.001487
2.208,0.000712
2.209,0.000622
2.21,-0.000337
2.211,-0.000845
2.212,-0.001292
2.213,-0.000935
2.214,-0.000607
2.215,-0.000665
2.216,0.001288
2.217,0.001374
2.218,0.001574
2.219,0.001255
2.22,0.002873
2.221,0.002622
2.222,0.003115
2.223,0.003111
2.224,0.002783
2.225,0.002507
2.226,0.002005
2.227,0.001333
2.228,-1.52E-05
2.229,0.001104
2.23,-0.001241
2.231,-0.000913
2.232,-0.001228
2.233,-0.001263
2.234,-0.000861
2.235,0.000339
2.236,0.000496
2.237,0.002034
2.238,0.002278
2.239,0.002928
2.24,0.003848
2.241,0.002867
2.242,0.003697
2.243,0.003497
2.244,0.003166
2.245,0.002233
2.246,0.002947
2.247,0.001667
2.248,-0.000649
2.249,-0.000314
2.25,-0.001279
2.251,-0.000739
2.252,-0.002026
2.253,-0.000871
2.254,-0.000716
2.255,-0.000749
2.256,0.000255
2.257,0.002246
2.258,0.001645
2.259,0.00233
2.26,0.00316
2.261,0.002799
2.262,0.003684
2.263,0.003581
2.264,0.00277
2.265,0.002372
2.266,0.001683
2.267,0.000992
2.268,8.89E-07
2.269,-0.000134
2.27,-0.001405
2.271,-0.000745
2.272,-0.001469
2.273,-0.001125
2.274,-0.000687
2.275,-0.000877
2.276,0.000255
2.277,0.00113
2.278,0.002256
2.279,0.002417
2.28,0.002532
2.281,0.002864
2.282,0.003484
2.283,0.003256
2.284,0.003111
2.285,0.002047
2.286,0.002526
2.287,0.000554
2.288,0.000187
2.289,-1.84E-05
2.29,-0.000195
2.291,-0.001279
2.292,-0.001424
2.293,-0.001707
2.294,-0.000906
2.295,-0.001418
2.296,-0.000256
2.297,0.00169
2.298,0.001516
2.299,0.002381
2.3,0.003127
2.301,0.002568
2.302,-0.001916
2.303,0.002333
2.304,0.00343
2.305,0.001767
2.306,0.001722
2.307,0.000483
2.308,-0.009675
2.309,-0.000186
2.31,-0.001032
2.311,-0.000925
2.312,-0.001537
2.313,-0.00107
2.314,-0.012582
2.315,-0.000205
2.316,7.81E-05
2.317,0.000442
2.318,0.00158
2.319,0.002185
2.32,-0.005387
2.321,0.00314
2.322,0.00323
2.323,0.003262
2.324,0.002462
2.325,0.002494
2.326,-0.000768
2.327,0.000696
2.328,0.000535
2.329,-0.000427
2.33,-0.001369
2.331,-0.000752
2.332,-0.001524
2.333,-0.001456
2.334,-0.001363
2.335,-0.000983
2.336,-0.00061
2.337,0.000358
2.338,0.001461
2.339,0.001957
2.34,0.002632
2.341,0.002542
2.342,0.003552
2.343,0.00295
2.344,0.002764
2.345,0.00287
2.346,0.000709
2.347,0.000905
2.348,5.88E-05
2.349,-0.000935
2.35,-0.00199
2.351,-0.001614
2.352,-0.001202
2.353,-0.001173
2.354,-0.001562
2.355,-0.000694
2.356,-0.000597
2.357,0.000538
2.358,0.001876
2.359,0.002326
2.36,0.00279
2.361,0.003205
2.362,0.00342
2.363,0.003658
2.364,0.002166
2.365,0.002439
2.366,0.001715
2.367,0.001088
2.368,1.38E-05
2.369,-0.000755
2.37,-0.000655
2.371,-0.001257
2.372,-0.001472
2.373,-0.001347
2.374,-0.000668
2.375,-0.000388
2.376,8.45E-05
2.377,0.000876
2.378,0.001403
2.379,0.002503
2.38,0.003282
2.381,0.002947
2.382,0.00259
2.383,0.003227
2.384,0.003285
2.385,0.001902
2.386,0.001535
2.387,0.001442
2.388,0.00049
2.389,-0.000816
2.39,-0.000974
2.391,-0.001141
2.392,-0.001311
2.393,-0.000781
2.394,-0.001286
2.395,-0.000903
2.396,0.000721
2.397,0.00057
2.398,0.001793
2.399,0.002397
2.4,0.002671
2.401,0.002236
2.402,0.003751
2.403,0.00295
2.404,0.003076
2.405,0.001847
2.406,0.002002
2.407,0.000972
2.408,-3.45E-05
2.409,-0.000385
2.41,-0.001549
2.411,-0.000392
2.412,-0.001395
2.413,-0.002215
2.414,-0.001215
2.415,-0.000218
2.416,0.000326
2.417,0.000278
2.418,0.001545
2.419,0.001889
2.42,0.002725
2.421,0.003774
2.422,0.002835
2.423,0.003452
2.424,0.002815
2.425,0.001561
2.426,0.001834
2.427,-0.001385
2.428,-0.000105
2.429,-0.000247
2.43,-0.000858
2.431,-0.000253
2.432,-0.000932
2.433,-0.010135
2.434,-0.001273
2.435,-0.000488
2.436,0.000165
2.437,0.000226
2.438,0.00177
2.439,-0.008288
2.44,0.002519
2.441,0.002909
2.442,0.003378
2.443,0.003343
2.444,0.003632
2.445,-0.006252
2.446,0.001027
2.447,0.000725
2.448,0.000577
2.449,-0.001135
2.45,-0.001623
2.451,-0.004364
2.452,-0.001437
2.453,-0.001553
2.454,-0.001209
2.455,-0.0008
2.456,3.31E-05
2.457,0.000422
2.458,0.00139
2.459,0.00185
2.46,0.002079
2.461,0.003031
2.462,0.003462
2.463,0.003327
2.464,0.003243
2.465,0.002355
2.466,0.001886
2.467,0.001059
2.468,0.000175
2.469,-0.00042
2.47,-0.000916
2.471,-0.00136
2.472,-0.001382
2.473,-0.001357
2.474,-0.001746
2.475,-0.000523
2.476,6.84E-05
2.477,0.000737
2.478,0.001516
2.479,0.002146
2.48,0.003285
2.481,0.002423
2.482,0.002992
2.483,0.00325
2.484,0.002989
2.485,0.002577
2.486,0.001619
2.487,0.001754
2.488,0.000303
2.489,-0.000755
2.49,-0.000877
2.491,-0.001186
2.492,-0.00134
2.493,-0.001186
2.494,-0.001237
2.495,-0.000369
2.496,-0.00033
2.497,0.000892
2.498,0.001214
2.499,0.002262
2.5,0.002558
2.501,0.003044
2.502,0.003041
2.503,0.003529
2.504,0.002954
2.505,0.002986
2.506,0.001455
2.507,0.00112
2.508,0.000178
2.509,-0.000179
2.51,-0.001549
2.511,-0.000916
2.512,-0.001234
2.513,-0.002167
2.514,-0.000639
2.515,-0.000572
2.516,7.17E-05
2.517,0.000828
2.518,0.001622
2.519,0.002619
2.52,0.00288
2.521,0.002378
2.522,0.003192
2.523,0.003073
2.524,0.002523
2.525,0.001648
2.526,0.001973
2.527,0.000866
2.528,0.000458
2.529,-0.000433
2.53,-0.000974
2.531,-0.001456
2.532,-0.001205
2.533,-0.001135
2.534,-0.000938
2.535,-0.000549
2.536,-0.000189
2.537,0.000892
2.538,0.001291
2.539,0.00186
2.54,0.002764
2.541,0.002626
2.542,0.004051
2.543,0.003057
2.544,0.002259
2.545,0.00215
2.546,0.001474
2.547,0.00131
2.548,4.59E-05
2.549,-0.0008
2.55,-0.001241
2.551,-0.000964
2.552,-0.001707
2.553,-0.001138
2.554,-0.000604
2.555,-0.000404
2.556,-0.00044
2.557,0.000258
2.558,0.001471
2.559,0.002227
2.56,0.002819
2.561,0.002899
2.562,0.002079
2.563,0.003089
2.564,0.002159
2.565,0.002246
2.566,0.001796
2.567,0.001043
2.568,0.000573
2.569,-0.00117
2.57,-0.000556
2.571,-0.000678
2.572,-0.00171
2.573,-0.001395
2.574,-0.001453
2.575,-0.000906
2.576,0.000223
2.577,-0.000102
2.578,7.17E-05
2.579,0.001876
2.58,0.002603
2.581,0.00159
2.582,0.003185
2.583,0.002256
2.584,0.002822
2.585,0.001998
2.586,0.001867
2.587,0.001725
2.588,0.000287
2.589,7.17E-05
2.59,-0.002109
2.591,-0.001125
2.592,-0.00135
2.593,-0.00162
2.594,-0.001118
2.595,-0.000533
2.596,9.10E-05
2.597,0.000496
2.598,0.000963
2.599,0.002523
2.6,0.002545
2.601,0.003295
2.602,0.003809
2.603,0.004469
2.604,0.003115
2.605,0.002803
2.606,0.002568
2.607,0.001278
2.608,0.000596
2.609,-0.000771
2.61,-0.001244
2.611,-0.00072
2.612,-0.001919
2.613,-0.002061
2.614,-0.001427
2.615,-0.000337
2.616,-0.000305
2.617,-2.33E-06
2.618,0.000892
2.619,0.001667
2.62,0.001558
2.621,0.00307
2.622,0.002323
2.623,0.002925
2.624,0.003671
2.625,0.002326
2.626,0.002024
2.627,0.001982
2.628,-4.09E-05
2.629,-0.001096
2.63,-0.001048
2.631,-0.000938
2.632,-0.001874
2.633,-0.002048
2.634,-0.001125
2.635,-0.000269
2.636,0.000197
2.637,6.84E-05
2.638,0.000799
2.639,0.00279
2.64,0.002648
2.641,0.002803
2.642,0.00286
2.643,0.002793
2.644,0.003147
2.645,0.002056
2.646,0.002162
2.647,0.000577
2.648,0.000496
2.649,-0.000536
2.65,-0.000868
2.651,-0.000954
2.652,-0.001061
2.653,-0.001109
2.654,-0.001109
2.655,-0.000398
2.656,-0.000279
2.657,0.000464
2.658,0.001738
2.659,0.002487
2.66,0.002355
2.661,0.00279
2.662,0.003887
2.663,0.003082
2.664,0.002539
2.665,0.001895
2.666,0.002214
2.667,0.001664
2.668,-4.41E-05
2.669,-0.000514
2.67,-0.001102
2.671,-0.001337
2.672,-0.000909
2.673,-0.001964
2.674,-0.000211
2.675,0.00013
2.676,-7.63E-05
2.677,0.000159
2.678,0.001226
2.679,0.002478
2.68,0.002967
2.681,0.002474
2.682,0.002725
2.683,0.00268
2.684,0.003401
2.685,0.002333
2.686,0.001635
2.687,0.002423
2.688,9.74E-05
2.689,-0.000659
2.69,-0.00117
2.691,-0.001369
2.692,-0.002476
2.693,-0.001508
2.694,-0.000864
2.695,-0.000215
2.696,0.000139
2.697,0.000249
2.698,0.001265
2.699,0.00195
2.7,0.001992
2.701,0.002677
2.702,0.003581
2.703,0.00341
2.704,0.003375
2.705,0.002314
2.706,0.002014
2.707,0.001625
2.708,0.000477
2.709,-0.001157
2.71,-0.001044
2.711,-0.000504
2.712,-0.001672
2.713,-0.001955
2.714,4.27E-05
2.715,-0.000659
2.716,0.000348
2.717,0.001407
2.718,0.001509
2.719,0.002105
2.72,0.002696
2.721,0.002867
2.722,0.003288
2.723,0.003809
2.724,0.002767
2.725,0.002452
2.726,0.002137
2.727,0.001371
2.728,0.000815
2.729,-0.001135
2.73,-0.000852
2.731,-6.99E-05
2.732,-0.00144
2.733,-0.000919
2.734,-0.00098
2.735,-0.000388
2.736,0.000239
2.737,0.00084
2.738,0.001474
2.739,0.002352
2.74,0.002555
2.741,0.002658
2.742,0.002638
2.743,0.003462
2.744,0.003703
2.745,0.00223
2.746,0.001548
2.747,0.001612
2.748,0.000236
2.749,-0.000723
2.75,-0.001385
2.751,-0.000948
2.752,-0.000954
2.753,-0.001418
2.754,-0.00126
2.755,-0.000636
2.756,0.000171
2.757,0.000477
2.758,0.001664
2.759,0.002185
2.76,0.002336
2.761,0.002712
2.762,0.003825
2.763,0.003262
2.764,0.00295
2.765,0.002307
2.766,0.001609
2.767,0.001497
2.768,0.000953
2.769,-0.001048
2.77,-0.00088
2.771,-0.000922
2.772,-0.000784
2.773,5.56E-05
2.774,-0.001678
2.775,-0.000475
2.776,-8.60E-05
2.777,0.000516
2.778,0.00167
2.779,0.003089
2.78,0.003063
2.781,0.003333
2.782,0.002712
2.783,0.002593
2.784,0.003121
2.785,0.002301
2.786,0.002394
2.787,0.001551
2.788,0.000123
2.789,-0.000781
2.79,-0.001019
2.791,-0.000816
2.792,-0.000839
2.793,-0.001218
2.794,-0.001231
2.795,5.56E-05
2.796,0.000448
2.797,0.000162
2.798,0.001583
2.799,0.002584
2.8,0.002581
2.801,0.003237
2.802,0.003398
2.803,0.003462
2.804,0.003124
2.805,0.001699
2.806,0.001809
2.807,0.000863
2.808,0.000654
2.809,-0.0009
2.81,-0.000913
2.811,-0.00061
2.812,-0.001607
2.813,-0.001244
2.814,-0.001308
2.815,-0.001009
2.816,0.000586
2.817,0.000721
2.818,0.001783
2.819,0.002645
2.82,0.00296
2.821,0.002339
2.822,0.003217
2.823,0.001992
2.824,0.002777
2.825,0.002999
2.826,0.002127
2.827,0.001834
2.828,0.000454
2.829,-0.000292
2.83,-0.001424
2.831,-0.000655
2.832,-0.000482
2.833,-0.001157
2.834,-0.000327
2.835,-0.000729
2.836,5.88E-05
2.837,-7.63E-05
2.838,0.001747
2.839,0.00194
2.84,0.003459
2.841,0.003369
2.842,0.003108
2.843,0.003269
2.844,0.002754
2.845,0.002494
2.846,0.00215
2.847,0.001014
2.848,4.59E-05
2.849,6.84E-05
2.85,-0.000655
2.851,-0.000433
2.852,-0.001028
2.853,-0.001022
2.854,-0.000665
2.855,-0.002202
2.856,4.59E-05
2.857,0.000799
2.858,0.001487
2.859,0.002645
2.86,0.002822
2.861,0.002819
2.862,0.004546
2.863,0.002825
2.864,0.003513
2.865,0.001918
2.866,0.001027
2.867,0.001078
2.868,0.00066
2.869,-0.000633
2.87,-0.000916
2.871,-0.000546
2.872,-0.000655
2.873,-0.001508
2.874,-0.000778
2.875,1.70E-05
2.876,0.00029
2.877,0.000458
2.878,0.001172
2.879,0.001767
2.88,0.002648
2.881,0.003443
2.882,0.002822
2.883,0.00269
2.884,0.001667
2.885,0.002613
2.886,0.001471
2.887,0.000828
2.888,0.000213
2.889,-0.000369
2.89,-0.00062
2.891,-0.000488
2.892,-0.001385
2.893,-0.000633
2.894,-0.001849
2.895,0.000101
2.896,0.000226
2.897,0.000487
2.898,0.001294
2.899,0.002423
2.9,0.002574
2.901,0.002777
2.902,0.003147
2.903,0.003436
2.904,0.003484
2.905,0.003063
2.906,0.001307
2.907,0.001754
2.908,0.00068
2.909,-0.000466
2.91,-0.000987
2.911,-0.001234
2.912,-0.001382
2.913,-0.0009
2.914,-0.001572
2.915,-0.00052
2.916,-5.54E-06
2.917,0.000178
2.918,0.000985
2.919,0.002603
2.92,0.003028
2.921,0.003304
2.922,0.00407
2.923,0.002944
2.924,0.003034
2.925,0.002076
2.926,0.002249
2.927,0.000139
2.928,6.84E-05
2.929,-0.000369
2.93,-0.001032
2.931,-0.001363
2.932,-0.000539
2.933,-0.005097
2.934,-0.000687
2.935,-6.67E-05
2.936,0.000474
2.937,0.000187
2.938,0.001828
2.939,-0.000112
2.94,0.002877
2.941,0.002748
2.942,0.003465
2.943,0.003362
2.944,0.003015
2.945,0.002339
2.946,0.001416
2.947,0.001667
2.948,-0.000154
2.949,-0.000363
2.95,-0.000659
2.951,-0.000958
2.952,-0.002392
2.953,-0.000919
2.954,-0.001154
2.955,-0.000874
2.956,-4.41E-05
2.957,0.000181
2.958,0.00123
2.959,0.002433
2.96,0.002259
2.961,0.002896
2.962,0.00341
2.963,0.003111
2.964,0.002597
2.965,0.002204
2.966,0.002021
2.967,0.001037
2.968,0.000419
2.969,-0.000108
2.97,0.000551
2.971,-0.000691
2.972,-0.001614
2.973,-0.000852
2.974,-0.001501
2.975,-0.000697
2.976,0.000622
2.977,0.000329
2.978,0.001944
2.979,0.002622
2.98,0.002912
2.981,0.002063
2.982,0.003044
2.983,0.002191
2.984,0.002433
2.985,0.002886
2.986,0.002269
2.987,0.001889
2.988,-3.13E-05
2.989,-0.000369
2.99,-0.000942
2.991,-0.00089
2.992,-0.00145
2.993,-0.000655
2.994,-0.00118
2.995,-0.000404
2.996,0.000355
2.997,0.000142
2.998,0.000902
2.999,0.002867
3,0.002497
3.001,0.00277
3.002,0.003076
3.003,0.002745
3.004,0.003211
3.005,0.002281
3.006,0.001712
3.007,0.001304
3.008,0.000834
3.009,-5.38E-05
3.01,-0.001398
3.011,-0.001051
3.012,-0.000893
3.013,-0.001131
3.014,-0.000848
3.015,7.32E-06
3.016,0.00021
3.017,0.000323
3.018,0.00103
3.019,0.002207
3.02,0.002571
3.021,0.002333
3.022,0.002893
3.023,0.002391
3.024,0.003211
3.025,0.001252
3.026,0.001751
3.027,0.001384
3.028,0.000654
3.029,-0.000826
3.03,-0.000298
3.031,-0.000794
3.032,-0.001521
3.033,-0.000633
3.034,-0.001981
3.035,2.98E-05
3.036,0.000454
3.037,0.00021
3.038,0.002117
3.039,0.002931
3.04,0.002838
3.041,0.003189
3.042,0.003314
3.043,0.002996
3.044,0.003629
3.045,0.002066
3.046,0.001435
3.047,0.001284
3.048,0.000963
3.049,4.59E-05
3.05,-0.000549
3.051,-0.001472
3.052,-0.007841
3.053,-0.001373
3.054,-0.000903
3.055,0.000139
3.056,0.000252
3.057,0.000226
3.058,-0.007195
3.059,0.002455
3.06,0.003002
3.061,0.002494
3.062,0.004166
3.063,0.003037
3.064,-0.004982
3.065,0.002526
3.066,0.00187
3.067,0.001046
3.068,0.001439
3.069,-0.00015
3.07,-0.003605
3.071,-0.001755
3.072,-0.00171
3.073,-0.001469
3.074,-0.001517
3.075,-0.000652
3.076,0.001278
3.077,-0.000247
3.078,0.001246
3.079,0.002343
3.08,-3.13E-05
3.081,0.003131
3.082,0.00324
3.083,0.000438
3.084,0.002574
3.085,0.002552
3.086,-0.003405
3.087,0.001815
3.088,0.000799
3.089,-0.004718
3.09,-0.001511
3.091,-0.000565
3.092,-0.006953
3.093,-0.001324
3.094,-0.001202
3.095,-0.002859
3.096,0.000445
3.097,-0.000324
3.098,0.000612
3.099,0.00232
3.1,0.002751
3.101,0.003163
3.102,0.003475
3.103,0.003024
3.104,0.003893
3.105,0.00268
3.106,0.00215
3.107,0.001683
3.108,0.000474
3.109,-0.000102
3.11,-0.001077
3.111,-0.000318
3.112,-0.00181
3.113,-0.001164
3.114,-0.000768
3.115,-0.000765
3.116,0.000126
3.117,0.000573
3.118,0.001323
3.119,0.002442
3.12,0.00278
3.121,0.003024
3.122,0.003262
3.123,0.002664
3.124,0.00278
3.125,0.002542
3.126,0.001156
3.127,0.001976
3.128,0.000197
3.129,-9.24E-05
3.13,-0.001604
3.131,-0.001427
3.132,-0.001865
3.133,-0.001012
3.134,-0.001511
3.135,-0.000375
3.136,0.000204
3.137,-0.000568
3.138,0.001181
3.139,0.002143
3.14,0.002606
3.141,0.002365
3.142,0.003304
3.143,0.003353
3.144,0.003671
3.145,0.001912
3.146,0.002037
3.147,0.002027
3.148,3.63E-05
3.149,-0.000961
3.15,-0.00052
3.151,-0.001353
3.152,-0.002022
3.153,-0.001553
3.154,-0.001048
3.155,-0.001633
3.156,0.000287
3.157,0.000335
3.158,0.000869
3.159,0.002169
3.16,0.002751
3.161,0.0026
3.162,0.002822
3.163,0.002696
3.164,0.00324
3.165,0.002622
3.166,0.001921
3.167,0.001821
3.168,0.000667
3.169,-0.001456
3.17,-0.001144
3.171,-0.005561
3.172,-0.001498
3.173,-0.001141
3.174,-0.001842
3.175,-0.000626
3.176,0.000306
3.177,-0.01211
3.178,0.001957
3.179,0.001545
3.18,0.002684
3.181,0.002648
3.182,0.002359
3.183,-0.012013
3.184,0.003246
3.185,0.00215
3.186,0.001905
3.187,0.00169
3.188,0.000602
3.189,-0.01356
3.19,-0.000852
3.191,-0.000996
3.192,-0.001247
3.193,-0.002685
3.194,-0.000967
3.195,-0.008652
3.196,-0.00042
3.197,0.00029
3.198,0.000982
3.199,-0.001504
3.2,0.002269
3.201,-0.000826
3.202,0.002577
3.203,0.003089
3.204,0.002751
3.205,-0.008382
3.206,0.00232
3.207,0.001403
3.208,-0.00741
3.209,-0.000652
3.21,-0.001324
3.211,-0.014635
3.212,-0.001369
3.213,-0.001813
3.214,-0.012396
3.215,-0.000729
3.216,-6.02E-05
3.217,-0.011157
3.218,0.001374
3.219,0.001503
3.22,-0.005187
3.221,0.00232
3.222,0.002828
3.223,-0.002534
3.224,0.002899
3.225,0.001419
3.226,-0.000375
3.227,0.001603
3.228,0.000718
3.229,-0.000392
3.23,-0.000256
3.231,-0.00116
3.232,-0.001495
3.233,-0.001472
3.234,-0.002344
3.235,-0.000269
3.236,-0.000314
3.237,-8.27E-05
3.238,0.001252
3.239,0.002809
3.24,0.002027
3.241,0.002275
3.242,0.002188
3.243,0.002915
3.244,0.002812
3.245,0.002185
3.246,0.002114
3.247,0.001024
3.248,0.000773
3.249,-0.000652
3.25,-0.00099
3.251,-0.000958
3.252,-0.00116
3.253,-0.001199
3.254,-0.002032
3.255,-0.000308
3.256,8.89E-07
3.257,-0.000604
3.258,0.001384
3.259,0.001805
3.26,0.002336
3.261,0.002854
3.262,0.002835
3.263,0.003205
3.264,0.003291
3.265,0.002101
3.266,0.001529
3.267,0.001172
3.268,-0.000546
3.269,-0.000392
3.27,-0.000716
3.271,-0.000234
3.272,-0.00164
3.273,-0.001077
3.274,-0.000861
3.275,-0.000279
3.276,-0.000523
3.277,-0.000543
3.278,0.001413
3.279,0.00196
3.28,0.002902
3.281,0.002439
3.282,0.003452
3.283,0.002844
3.284,0.002581
3.285,0.00176
3.286,0.001542
3.287,0.001127
3.288,1.70E-05
3.289,-0.000398
3.29,-0.000987
3.291,-0.001115
3.292,-0.000514
3.293,-0.000909
3.294,-0.00171
3.295,-0.000289
3.296,-0.009244
3.297,-2.81E-05
3.298,0.000644
3.299,0.00214
3.3,0.002397
3.301,0.002703
3.302,-0.015201
3.303,0.00306
3.304,0.003507
3.305,0.002684
3.306,0.001191
3.307,0.001445
3.308,-0.02055
3.309,-0.000774
3.31,-0.000829
3.311,-0.000906
3.312,-0.001771
3.313,-0.001109
3.314,-0.020698
3.315,-0.000823
3.316,7.81E-05
3.317,-5.06E-05
3.318,-0.001858
3.319,0.002204
3.32,-0.00887
3.321,0.002224
3.322,0.003102
3.323,0.003266
3.324,-0.006876
3.325,0.002365
3.326,-0.004686
3.327,-0.005014
3.328,0.000956
3.329,-0.000424
3.33,-0.017777
3.331,-0.000549
3.332,-0.002389
3.333,-0.015024
3.334,-0.001035
3.335,-0.000375
3.336,-0.018388
3.337,0.000126
3.338,0.001612
3.339,-0.014319
3.34,0.002783
3.341,0.00279
3.342,-0.012402
3.343,0.003417
3.344,0.003359
3.345,-0.010678
3.346,0.001863
3.347,0.002471
3.348,-0.007069
3.349,-0.00034
3.35,-0.000694
3.351,-0.005911
3.352,-0.000527
3.353,-0.001759
3.354,-0.001575
3.355,-0.000356
3.356,-5.38E-05
3.357,9.74E-05
3.358,0.000969
3.359,0.002642
3.36,0.00279
3.361,0.003819
3.362,0.003224
3.363,0.003137
3.364,0.003436
3.365,0.001744
3.366,0.002503
3.367,0.00158
3.368,0.001387
3.369,0.000162
3.37,-0.000289
3.371,-0.00044
3.372,-0.001427
3.373,-0.001874
3.374,-0.001212
3.375,-3.45E-05
3.376,-8.92E-05
3.377,0.000689
3.378,0.001181
3.379,0.002561
3.38,0.002278
3.381,0.002973
3.382,0.002677
3.383,0.003529
3.384,0.003076
3.385,0.002034
3.386,0.001387
3.387,0.00149
3.388,0.000686
3.389,-0.000456
3.39,-0.000375
3.391,-7.63E-05
3.392,-0.001244
3.393,-0.000514
3.394,-0.001183
3.395,-0.000659
3.396,-0.000347
3.397,-0.000179
3.398,0.001336
3.399,0.002349
3.4,0.002433
3.401,0.0024
3.402,0.002513
3.403,0.002854
3.404,0.003571
3.405,0.0016
3.406,0.001432
3.407,0.001535
3.408,0.000435
3.409,-0.000401
3.41,-0.000411
3.411,-0.001006
3.412,-0.001135
3.413,-0.001556
3.414,-0.001421
3.415,-0.002
3.416,-0.000125
3.417,-0.000256
3.418,0.002034
3.419,0.002423
3.42,0.003603
3.421,-0.011939
3.422,0.003446
3.423,0.003066
3.424,0.003086
3.425,0.002246
3.426,0.002198
3.427,-0.019749
3.428,0.000821
3.429,-6.02E-05
3.43,-0.000404
3.431,-0.000137
3.432,-0.001221
3.433,-0.023927
3.434,-0.002666
3.435,-0.000694
3.436,-0.000137
3.437,0.001548
3.438,0.001583
3.439,-0.018732
3.44,0.003024
3.441,0.003748
3.442,0.002905
3.443,-0.004126
3.444,0.003517
3.445,-0.011871
3.446,-0.000137
3.447,0.001532
3.448,0.000223
3.449,-0.014532
3.45,-0.000691
3.451,-0.008986
3.452,-0.012943
3.453,-0.001189
3.454,-0.001427
3.455,-0.020682
3.456,-0.000102
3.457,-5.70E-05
3.458,-0.018272
3.459,0.003156
3.46,0.002519
3.461,-0.018642
3.462,0.002873
3.463,0.003652
3.464,-0.018121
3.465,0.002619
3.466,0.002182
3.467,-0.014342
3.468,0.000593
3.469,-0.000379
3.47,-0.018112
3.471,-0.000823
3.472,-0.001135
3.473,-0.008391
3.474,-0.001302
3.475,-0.000491
3.476,-0.007989
3.477,0.0003
3.478,0.001513
3.479,0.001773
3.48,0.001957
3.481,0.002999
3.482,0.002954
3.483,0.004443
3.484,0.003427
3.485,0.002899
3.486,0.001754
3.487,0.001947
3.488,0.000387
3.489,-0.001003
3.49,-0.000273
3.491,-0.000366
3.492,-0.000517
3.493,-0.001086
3.494,-0.001106
3.495,-0.000485
3.496,-6.02E-05
3.497,0.000419
3.498,0.00159
3.499,0.002249
3.5,0.002934
3.501,0.002944
3.502,0.002963
3.503,0.003234
3.504,0.003407
3.505,0.002674
3.506,0.001992
3.507,0.00104
3.508,0.00066
3.509,-0.000858
3.51,-0.00126
3.511,-0.000691
3.512,-0.001131
3.513,-0.00033
3.514,-0.001215
3.515,-0.00071
3.516,0.0004
3.517,2.34E-05
3.518,0.001452
3.519,0.001567
3.52,0.001969
3.521,0.003079
3.522,0.002304
3.523,0.003867
3.524,0.003632
3.525,0.001944
3.526,0.001683
3.527,0.00185
3.528,-0.000176
3.529,-0.000401
3.53,-0.000269
3.531,-0.000803
3.532,-0.000314
3.533,-0.000684
3.534,-0.001755
3.535,-0.000369
3.536,3.95E-05
3.537,-0.000105
3.538,0.001567
3.539,0.001821
3.54,-0.003486
3.541,0.00305
3.542,0.003143
3.543,0.004324
3.544,0.003163
3.545,0.0024
3.546,-0.0167
3.547,0.001056
3.548,0.00095
3.549,0.000204
3.55,-0.000511
3.551,-0.001736
3.552,-0.023232
3.553,-0.001067
3.554,-0.000739
3.555,-0.000617
3.556,-0.000112
3.557,0.000332
3.558,-0.020881
3.559,0.002002
3.56,0.002622
3.561,-0.001228
3.562,0.002301
3.563,0.003127
3.564,-0.019196
3.565,0.002696
3.566,0.001982
3.567,-0.003032
3.568,-0.009552
3.569,0.000358
3.57,-0.015847
3.571,-0.007394
3.572,-0.001472
3.573,-0.004512
3.574,-0.018163
3.575,0.000123
3.576,-0.00603
3.577,-0.016963
3.578,0.000885
3.579,-0.000118
3.58,-0.018047
3.581,0.002458
3.582,0.002761
3.583,-0.019054
3.584,0.003198
3.585,0.001912
3.586,-0.01817
3.587,0.002471
3.588,0.000323
3.589,-0.021859
3.59,-0.000253
3.591,-0.000768
3.592,-0.015021
3.593,-0.000916
3.594,-0.000919
3.595,-0.020585
3.596,0.00066
3.597,0.000879
3.598,-0.003235
3.599,0.002317
3.6,0.003375
3.601,-0.006776
3.602,0.003378
3.603,0.003874
3.604,0.003558
3.605,0.00196
3.606,0.002211
3.607,0.001735
3.608,0.000261
3.609,0.000245
3.61,-0.000282
3.611,-0.000687
3.612,-0.000874
3.613,-0.000868
3.614,-0.001283
3.615,-0.000128
3.616,-7.63E-05
3.617,0.000261
3.618,0.000934
3.619,0.001873
3.62,0.003082
3.621,0.003073
3.622,0.003269
3.623,0.003217
3.624,0.00323
3.625,0.002626
3.626,0.002162
3.627,0.001969
3.628,0.00058
3.629,-0.00044
3.63,-0.000379
3.631,-0.001044
3.632,-0.000903
3.633,-0.001308
3.634,-0.000485
3.635,0.000541
3.636,9.42E-05
3.637,0.000544
3.638,0.001004
3.639,0.002243
3.64,0.00268
3.641,0.002854
3.642,0.003677
3.643,0.003333
3.644,0.004105
3.645,0.002156
3.646,0.001825
3.647,0.001863
3.648,0.001146
3.649,0.001259
3.65,3.31E-05
3.651,-3.45E-05
3.652,-0.001324
3.653,-0.000784
3.654,-0.001379
3.655,0.000612
3.656,-0.000398
3.657,-0.000125
3.658,0.001612
3.659,0.002809
3.66,0.002667
3.661,0.002967
3.662,0.00233
3.663,0.003298
3.664,0.003658
3.665,-0.005294
3.666,0.003076
3.667,0.001773
3.668,0.001516
3.669,-0.000475
3.67,-0.001128
3.671,-0.021364
3.672,-0.00109
3.673,-0.001022
3.674,-0.00265
3.675,6.84E-05
3.676,0.000471
3.677,-0.021531
3.678,0.001661
3.679,0.00316
3.68,-0.005873
3.681,0.002767
3.682,0.003896
3.683,-0.018546
3.684,0.002613
3.685,0.002716
3.686,-0.009845
3.687,-0.001929
3.688,0.001461
3.689,-0.021216
3.69,-0.001311
3.691,-0.000572
3.692,-0.01264
3.693,-0.010553
3.694,-0.001427
3.695,-0.014171
3.696,-0.011138
3.697,0.000728
3.698,-0.007265
3.699,-0.013544
3.7,0.00361
3.701,-0.000141
3.702,-0.017893
3.703,0.003639
3.704,-0.000311
3.705,-0.014992
3.706,0.002564
3.707,0.002532
3.708,-0.020688
3.709,0.001416
3.71,-0.000459
3.711,-0.015548
3.712,-0.000469
3.713,-0.000919
3.714,-0.023033
3.715,-0.00016
3.716,0.000229
3.717,-0.008217
3.718,0.001902
3.719,0.002577
3.72,-0.01732
3.721,0.002851
3.722,0.003098
3.723,0.003295
3.724,0.003642
3.725,0.003533
3.726,-0.00759
3.727,0.002484
3.728,0.001435
3.729,0.000335
3.73,4.11E-06
3.731,5.88E-05
3.732,-0.000922
3.733,-0.00016
3.734,-0.000549
3.735,-0.000382
3.736,0.000133
3.737,0.000625
3.738,0.001413
3.739,0.002696
3.74,0.002838
3.741,0.003504
3.742,0.003687
3.743,0.002979
3.744,0.004034
3.745,0.002922
3.746,0.002925
3.747,0.003015
3.748,0.000982
3.749,0.000744
3.75,0.000126
3.751,-0.000176
3.752,-0.000427
3.753,-0.000922
3.754,-0.001524
3.755,-0.000366
3.756,-7.63E-05
3.757,0.000824
3.758,0.001587
3.759,0.002413
3.76,0.003304
3.761,0.003108
3.762,0.002896
3.763,0.003066
3.764,0.003201
3.765,0.002564
3.766,0.001558
3.767,0.002082
3.768,0.000416
3.769,-0.000646
3.77,-7.95E-05
3.771,-0.000276
3.772,-0.001138
3.773,-0.001476
3.774,-0.001257
3.775,-0.000449
3.776,-0.000292
3.777,0.00029
3.778,0.001133
3.779,0.002365
3.78,0.002484
3.781,0.002455
3.782,0.003391
3.783,0.00268
3.784,0.004105
3.785,0.00295
3.786,0.002317
3.787,0.001484
3.788,0.001033
3.789,-0.000659
3.79,-0.011428
3.791,-1.84E-05
3.792,-0.000758
3.793,-0.001302
3.794,-0.001344
3.795,-0.000559
3.796,-0.020939
3.797,0.000557
3.798,0.001902
3.799,-0.006477
3.8,0.001648
3.801,0.00325
3.802,-0.0187
3.803,0.003439
3.804,0.00296
3.805,-0.012917
3.806,0.002812
3.807,0.002085
3.808,-0.020331
3.809,1.38E-05
3.81,0.000795
3.811,-0.018395
3.812,-0.00502
3.813,-0.000797
3.814,-0.021853
3.815,-0.004303
3.816,0.000146
3.817,-0.015278
3.818,-0.006838
3.819,0.002478
3.82,-0.008742
3.821,-0.011032
3.822,0.004346
3.823,-0.006966
3.824,-0.008465
3.825,0.002645
3.826,0.00112
3.827,-0.020051
3.828,0.001004
3.829,-0.003927
3.83,-0.012483
3.831,-0.000234
3.832,-0.000269
3.833,-0.022965
3.834,-0.001334
3.835,7.32E-06
3.836,-0.008288
3.837,0.001152
3.838,0.001152
3.839,-0.019845
3.84,0.002333
3.841,0.003098
3.842,0.001812
3.843,0.003626
3.844,0.003993
3.845,-0.017665
3.846,0.002989
3.847,0.002008
3.848,0.001149
3.849,0.00112
3.85,-0.00016
3.851,-0.00924
3.852,-0.000655
3.853,-0.001083
3.854,-0.001595
3.855,-0.000623
3.856,0.000377
3.857,0.000329
3.858,0.001953
3.859,0.002696
3.86,0.001912
3.861,0.003234
3.862,0.002947
3.863,0.003163
3.864,0.002796
3.865,0.003977
3.866,0.003221
3.867,0.000943
3.868,0.001149
3.869,-0.00015
3.87,-0.00071
3.871,-0.001511
3.872,-0.000414
3.873,-0.00109
3.874,-0.00044
3.875,0.000348
3.876,-0.000347
3.877,0.000406
3.878,0.001526
3.879,0.002388
3.88,0.002545
3.881,0.003053
3.882,0.003156
3.883,0.002841
3.884,0.003501
3.885,0.003176
3.886,0.002227
3.887,0.002259
3.888,0.001217
3.889,0.00086
3.89,0.000348
3.891,-0.000295
3.892,-0.001099
3.893,-0.001292
3.894,-0.000942
3.895,-0.001057
3.896,0.00086
3.897,0.000837
3.898,0.001194
3.899,0.002307
3.9,0.001825
3.901,0.002889
3.902,0.002825
3.903,0.004057
3.904,0.003658
3.905,0.003706
3.906,0.002143
3.907,0.002124
3.908,0.000487
3.909,0.00077
3.91,0.00059
3.911,-0.000787
3.912,-0.001295
3.913,-0.001064
3.914,-0.002695
3.915,-0.009774
3.916,0.000187
3.917,0.000223
3.918,-0.002884
3.919,0.002179
3.92,0.002667
3.921,-0.017086
3.922,0.00352
3.923,0.002214
3.924,-0.010411
3.925,0.00334
3.926,0.001966
3.927,-0.01999
3.928,0.001394
3.929,-0.000144
3.93,-0.020347
3.931,0.000438
3.932,-0.000446
3.933,-0.023142
3.934,-0.001829
3.935,-0.000552
3.936,-0.020296
3.937,-0.001646
3.938,0.001397
3.939,-0.014676
3.94,-0.004126
3.941,0.003732
3.942,-0.013798
3.943,-0.000478
3.944,0.003365
3.945,-0.003795
3.946,-0.011984
3.947,0.00215
3.948,-0.009816
3.949,-0.005516
3.95,0.000316
3.951,-0.000224
3.952,-0.022634
3.953,0.000232
3.954,-0.003814
3.955,-0.004409
3.956,0.000551
3.957,0.000583
3.958,-0.020238
3.959,0.002272
3.96,0.003568
3.961,0.003282
3.962,0.003481
3.963,0.003713
3.964,-0.018507
3.965,0.002716
3.966,0.002133
3.967,0.002397
3.968,0.001333
3.969,-0.000234
3.97,-0.018012
3.971,-0.000919
3.972,-0.000868
3.973,-0.000948
3.974,-0.0007
3.975,0.000197
3.976,-0.005612
3.977,0.000635
3.978,0.00196
3.979,0.003481
3.98,0.003333
3.981,0.003308
3.982,0.003944
3.983,0.003668
3.984,0.00324
3.985,0.002851
3.986,0.002671
3.987,0.001709
3.988,0.001567
3.989,-0.000565
3.99,0.00048
3.991,-0.000951
3.992,-0.000617
3.993,-0.001038
3.994,-0.001086
3.995,0.000368
3.996,0.000702
3.997,0.000242
3.998,0.001757
3.999,0.002825
4,0.002658
4.001,0.003539
4.002,0.003176
4.003,0.00426
4.004,0.002693
4.005,0.001612
4.006,0.001722
4.007,0.002314
4.008,0.001419
4.009,0.000528
4.01,-8.27E-05
4.011,-0.000588
4.012,-0.00136
4.013,-0.00088
4.014,-0.001138
4.015,-0.000707
4.016,-0.000189
4.017,0.000885
4.018,0.001226
4.019,0.002413
4.02,0.00287
4.021,0.003237
4.022,0.003903
4.023,0.003626
4.024,0.002732
4.025,0.003349
4.026,0.002362
4.027,0.002288
4.028,0.001107
4.029,0.00038
4.03,-0.000202
4.031,0.000142
4.032,-0.000707
4.033,-0.000864
4.034,-0.001257
4.035,-0.000108
4.036,0.000194
4.037,0.001021
4.038,0.001458
4.039,0.001796
4.04,-0.00522
4.041,0.003623
4.042,0.002751
4.043,-0.003537
4.044,0.003629
4.045,0.005009
4.046,-0.015069
4.047,0.002294
4.048,0.001165
4.049,-0.0164
4.05,-0.000604
4.051,-0.000993
4.052,-0.021196
4.053,-0.000848
4.054,-0.001373
4.055,-0.021753
4.056,1.05E-05
4.057,0.000477
4.058,-0.017581
4.059,0.002156
4.06,0.002761
4.061,-0.017819
4.062,0.003838
4.063,0.003761
4.064,-0.008272
4.065,-0.003396
4.066,0.002584
4.067,-0.013367
4.068,0.001307
4.069,0.000606
4.07,-0.001283
4.071,-0.015519
4.072,-0.000993
4.073,-0.007526
4.074,-0.003309
4.075,-0.000591
4.076,0.000454
4.077,-0.020688
4.078,0.001461
4.079,0.00159
4.08,0.003063
4.081,0.003394
4.082,0.002806
4.083,-0.018771
4.084,0.004099
4.085,0.00333
4.086,0.001715
4.087,0.001693
4.088,0.001181
4.089,-0.021833
4.09,0.000464
4.091,-0.000395
4.092,-0.000887
4.093,-0.00126
4.094,-0.001093
4.095,-0.015175
4.096,-0.000205
4.097,0.000567
4.098,0.001313
4.099,0.002433
4.1,0.003645
4.101,0.000364
4.102,0.002767
4.103,0.003944
4.104,0.003851
4.105,0.003092
4.106,0.002185
4.107,0.001937
4.108,0.000493
4.109,-0.000115
4.11,-0.000385
4.111,-0.000613
4.112,-0.000716
4.113,-0.000745
4.114,-0.000633
4.115,-0.000797
4.116,4.59E-05
4.117,0.000934
4.118,0.001574
4.119,0.002085
4.12,0.001902
4.121,0.003404
4.122,0.003706
4.123,0.003648
4.124,0.003623
4.125,0.003488
4.126,0.002201
4.127,0.000866
4.128,0.000499
4.129,-4.41E-05
4.13,-0.000112
4.131,-0.000642
4.132,-0.001038
4.133,-0.001237
4.134,-0.001379
4.135,0.000329
4.136,5.88E-05
4.137,0.000496
4.138,0.000943
4.139,0.001844
4.14,0.002503
4.141,0.003761
4.142,0.003394
4.143,0.003414
4.144,0.003626
4.145,0.002902
4.146,0.002252
4.147,0.000609
4.148,0.001114
4.149,-7.31E-05
4.15,-0.000527
4.151,-0.000752
4.152,-0.00117
4.153,-0.001816
4.154,-0.00061
4.155,-0.001524
4.156,0.000596
4.157,0.000737
4.158,0.000988
4.159,0.003037
4.16,0.002851
4.161,0.003668
4.162,0.0027
4.163,0.002786
4.164,0.003224
4.165,-0.002473
4.166,0.001522
4.167,0.001159
4.168,-0.006976
4.169,-1.20E-05
4.17,-0.000353
4.171,-0.014438
4.172,-0.001115
4.173,-0.000803
4.174,-0.016757
4.175,-0.00033
4.176,0.000599
4.177,-0.016066
4.178,0.00131
4.179,0.002979
4.18,-0.015673
4.181,0.003237
4.182,0.00343
4.183,-0.010382
4.184,0.003217
4.185,0.002999
4.186,-0.013628
4.187,0.002182
4.188,0.001564
4.189,-0.005818
4.19,-0.005493
4.191,-0.000633
4.192,-0.011096
4.193,-0.000224
4.194,-0.00143
4.195,-0.000115
4.196,-0.012013
4.197,0.000493
4.198,-0.001768
4.199,0.002343
4.2,0.001783
4.201,0.002931
4.202,-0.015165
4.203,0.003681
4.204,0.003542
4.205,0.003497
4.206,0.003147
4.207,0.002265
4.208,-0.019479
4.209,-0.000147
4.21,4.27E-05
4.211,-0.001199
4.212,-0.000601
4.213,-0.001221
4.214,-0.019106
4.215,-0.000835
4.216,-0.000141
4.217,0.000316
4.218,0.001336
4.219,0.002426
4.22,-0.007632
4.221,0.003205
4.222,0.002729
4.223,0.004215
4.224,0.00369
4.225,0.002999
4.226,0.002626
4.227,0.00169
4.228,0.001233
4.229,-8.76E-06
4.23,-0.00033
4.231,-0.000324
4.232,-0.000858
4.233,-0.001321
4.234,-0.00125
4.235,-0.001009
4.236,0.000223
4.237,0.000676
4.238,0.000737
4.239,0.002365
4.24,0.003192
4.241,0.003568
4.242,0.002973
4.243,0.003758
4.244,0.002301
4.245,0.00278
4.246,0.001075
4.247,0.00158
4.248,0.001091
4.249,-8.27E-05
4.25,0.000133
4.251,-0.001633
4.252,-0.001984
4.253,-0.001662
4.254,-0.000858
4.255,-0.000761
4.256,0.000123
4.257,0.000734
4.258,0.000992
4.259,0.00194
4.26,0.002979
4.261,0.002905
4.262,0.003189
4.263,0.004272
4.264,0.003214
4.265,0.002378
4.266,0.002658
4.267,0.002137
4.268,0.001255
4.269,0.000856
4.27,-0.000527
4.271,-0.000321
4.272,-0.001308
4.273,-0.000945
4.274,-0.00143
4.275,-0.000649
4.276,-6.02E-05
4.277,0.000622
4.278,0.001169
4.279,0.001934
4.28,0.002616
4.281,0.002983
4.282,0.003359
4.283,0.003796
4.284,0.003497
4.285,0.002989
4.286,0.002558
4.287,0.002133
4.288,0.001622
4.289,-0.000774
4.29,-0.002331
4.291,-0.000626
4.292,-0.001144
4.293,-0.006506
4.294,-0.001669
4.295,-0.000668
4.296,-0.008887
4.297,0.000351
4.298,0.001423
4.299,-0.009211
4.3,0.002359
4.301,0.003015
4.302,-0.007857
4.303,0.003382
4.304,0.003552
4.305,-0.010154
4.306,0.002088
4.307,0.002249
4.308,-0.006664
4.309,5.56E-05
4.31,-0.000224
4.311,-0.011415
4.312,-0.000613
4.313,-0.001186
4.314,-0.002338
4.315,-0.003425
4.316,-4.41E-05
4.317,-0.004444
4.318,0.001551
4.319,0.002397
4.32,0.002326
4.321,-0.005805
4.322,0.003012
4.323,0.003655
4.324,0.003256
4.325,0.00195
4.326,0.002362
4.327,-0.01108
4.328,0.002677
4.329,0.000139
4.33,-0.000401
4.331,-2.48E-05
4.332,0.000512
4.333,-0.015957
4.334,-0.002006
4.335,-2.81E-05
4.336,-0.000301
4.337,0.000184
4.338,0.001143
4.339,-0.009819
4.34,0.003205
4.341,0.003134
4.342,0.003295
4.343,0.003989
4.344,0.004182
4.345,-0.002209
4.346,0.002162
4.347,0.002201
4.348,0.00139
4.349,0.000567
4.35,-9.24E-05
4.351,-0.00118
4.352,-0.000215
4.353,-0.00088
4.354,-0.001315
4.355,6.84E-05
4.356,-0.000234
4.357,0.000168
4.358,0.00141
4.359,0.001989
4.36,0.002616
4.361,0.00323
4.362,0.002822
4.363,0.003954
4.364,0.004057
4.365,0.002227
4.366,0.002018
4.367,0.001609
4.368,0.00176
4.369,0.000953
4.37,4.11E-06
4.371,-0.000687
4.372,-0.001035
4.373,-0.000761
4.374,-0.000916
4.375,-0.000884
4.376,-0.000263
4.377,0.000667
4.378,0.001252
4.379,0.001963
4.38,0.00288
4.381,0.003269
4.382,0.003423
4.383,0.002378
4.384,0.003156
4.385,0.002365
4.386,0.001696
4.387,0.001381
4.388,0.000831
4.389,3.63E-05
4.39,-0.000652
4.391,-0.000993
4.392,-0.000694
4.393,-0.001723
4.394,-0.001099
4.395,-0.000842
4.396,0.000126
4.397,0.000297
4.398,0.001236
4.399,0.001538
4.4,0.002777
4.401,0.0038
4.402,0.00343
4.403,0.003632
4.404,0.003028
4.405,0.0024
4.406,0.001857
4.407,0.001825
4.408,0.001178
4.409,0.000371
4.41,-0.000295
4.411,-0.000398
4.412,0.000425
4.413,-0.001495
4.414,-0.001521
4.415,-0.000823
4.416,0.000126
4.417,0.000554
4.418,-0.000205
4.419,0.001593
4.42,0.002709
4.421,-0.000112
4.422,0.003256
4.423,0.003507
4.424,-0.001553
4.425,0.00323
4.426,0.002172
4.427,-0.002888
4.428,0.001387
4.429,0.000499
4.43,-0.006435
4.431,-0.001344
4.432,-0.001257
4.433,-0.003235
4.434,-0.001212
4.435,-0.000736
4.436,-0.003132
4.437,-0.000385
4.438,0.000889
4.439,0.002507
4.44,0.00279
4.441,0.003449
4.442,0.003066
4.443,0.003275
4.444,0.00351
4.445,0.002828
4.446,-0.001492
4.447,0.002207
4.448,0.001435
4.449,-0.000289
4.45,-0.000208
4.451,-0.001669
4.452,-0.008526
4.453,-0.000607
4.454,-0.000774
4.455,-0.00081
4.456,-0.000739
4.457,-0.000556
4.458,-0.008137
4.459,0.001371
4.46,0.003034
4.461,0.002648
4.462,0.003632
4.463,0.003742
4.464,-0.002981
4.465,0.002429
4.466,0.002999
4.467,0.001963
4.468,0.001503
4.469,0.000593
4.47,-0.000659
4.471,-0.001106
4.472,-0.000877
4.473,-0.001611
4.474,-0.001012
4.475,-0.000543
4.476,-0.000289
4.477,-0.00015
4.478,0.000554
4.479,0.002217
4.48,0.001751
4.481,0.003127
4.482,0.003404
4.483,0.002999
4.484,0.003436
4.485,0.003024
4.486,0.002712
4.487,0.002117
4.488,0.001194
4.489,0.000471
4.49,-0.000591
4.491,-0.000742
4.492,-0.000929
4.493,-0.00089
4.494,-0.001006
4.495,-0.000424
4.496,-0.000282
4.497,0.00084
4.498,0.000966
4.499,0.002211
4.5,0.00259
4.501,0.002967
4.502,0.002928
4.503,0.003388
4.504,0.003684
4.505,0.002584
4.506,0.002111
4.507,0.001223
4.508,0.000924
4.509,0.001506
4.51,-4.74E-05
4.511,-0.000684
4.512,-0.001611
4.513,-0.001652
4.514,-0.001128
4.515,-0.000874
4.516,-0.000404
4.517,0.000551
4.518,0.00094
4.519,0.002458
4.52,0.003607
4.521,0.002429
4.522,0.003394
4.523,0.003603
4.524,0.003739
4.525,0.002873
4.526,0.002014
4.527,0.001834
4.528,0.001654
4.529,0.000544
4.53,1.05E-05
4.531,-0.000366
4.532,-0.000594
4.533,-0.001601
4.534,-0.000739
4.535,-5.54E-06
4.536,8.77E-05
4.537,0.000371
4.538,0.001156
4.539,0.001702
4.54,0.002983
4.541,0.002963
4.542,0.003903
4.543,0.003639
4.544,0.003439
4.545,0.002658
4.546,0.002433
4.547,0.002439
4.548,0.000959
4.549,0.000236
4.55,-0.001183
4.551,-0.001466
4.552,-0.000343
4.553,-0.001556
4.554,-0.001205
4.555,-0.00017
4.556,-0.000334
4.557,0.000104
4.558,0.000683
4.559,0.001767
4.56,0.003028
4.561,0.003121
4.562,0.003697
4.563,0.003282
4.564,0.003758
4.565,0.003172
4.566,0.002574
4.567,0.002063
4.568,0.001403
4.569,0.000123
4.57,-0.000877
4.571,-0.000765
4.572,-0.001318
4.573,-0.001125
4.574,-0.000974
4.575,-0.00062
4.576,-0.000385
4.577,-0.002067
4.578,0.001519
4.579,0.001078
4.58,0.002526
4.581,0.003118
4.582,0.002764
4.583,0.00011
4.584,0.003234
4.585,0.004285
4.586,0.002153
4.587,0.001873
4.588,0.00104
4.589,-0.001334
4.59,9.10E-05
4.591,-0.000999
4.592,-0.00034
4.593,-0.001881
4.594,-0.001032
4.595,-0.000314
4.596,-0.000427
4.597,0.000631
4.598,0.000657
4.599,0.001744
4.6,0.003227
4.601,0.00316
4.602,0.002725
4.603,0.003076
4.604,0.00396
4.605,0.003391
4.606,0.002783
4.607,0.001764
4.608,0.000802
4.609,0.00013
4.61,-0.000179
4.611,-0.001952
4.612,-0.000842
4.613,-0.00143
4.614,-0.001833
4.615,-0.000649
4.616,0.000152
4.617,0.000499
4.618,0.00113
4.619,0.001143
4.62,0.002664
4.621,0.003394
4.622,0.002581
4.623,0.003089
4.624,0.002922
4.625,0.002336
4.626,0.002368
4.627,0.001169
4.628,0.000718
4.629,0.000477
4.63,-0.00088
4.631,-0.00071
4.632,-0.000163
4.633,-0.001299
4.634,-0.001784
4.635,-0.001125
4.636,-0.00033
4.637,0.000544
4.638,0.000162
4.639,0.001448
4.64,0.001657
4.641,0.003362
4.642,0.00323
4.643,0.003243
4.644,0.003041
4.645,0.002236
4.646,0.002159
4.647,0.001323
4.648,0.00123
4.649,0.000966
4.65,-0.00044
4.651,-0.001215
4.652,-0.000543
4.653,-0.001102
4.654,-0.001247
4.655,-0.000581
4.656,-0.000343
4.657,0.000686
4.658,7.17E-05
4.659,0.001744
4.66,0.002172
4.661,0.002754
4.662,0.003057
4.663,0.003369
4.664,0.00323
4.665,0.002326
4.666,0.002831
4.667,0.001638
4.668,0.001654
4.669,0.000654
4.67,7.49E-05
4.671,-0.001482
4.672,-0.001131
4.673,-0.001566
4.674,-0.001582
4.675,-0.001221
4.676,1.38E-05
4.677,-0.000125
4.678,0.001452
4.679,0.001831
4.68,0.002269
4.681,0.002738
4.682,0.002741
4.683,0.003446
4.684,0.00297
4.685,0.002288
4.686,0.002182
4.687,0.00214
4.688,0.001484
4.689,0.000448
4.69,-0.0007
4.691,-0.000623
4.692,-0.000938
4.693,-0.001791
4.694,-0.002431
4.695,-0.000585
4.696,-0.000803
4.697,0.0002
4.698,0.000956
4.699,0.001905
4.7,0.002159
4.701,0.003021
4.702,0.002902
4.703,0.003317
4.704,0.003153
4.705,0.002922
4.706,0.003002
4.707,0.002294
4.708,0.001371
4.709,0.000625
4.71,-0.000459
4.711,-0.00063
4.712,-0.000295
4.713,-0.001453
4.714,-0.001308
4.715,-0.000646
4.716,-0.000125
4.717,-0.000147
4.718,0.000393
4.719,0.001883
4.72,0.002815
4.721,0.003398
4.722,0.002938
4.723,0.004076
4.724,0.003771
4.725,0.002893
4.726,0.002423
4.727,0.001847
4.728,0.001291
4.729,0.000516
4.73,-0.00015
4.731,-0.001537
4.732,-0.000182
4.733,-0.00088
4.734,-0.00136
4.735,-0.001212
4.736,-0.000195
4.737,-0.000179
4.738,0.001191
4.739,0.001017
4.74,0.002799
4.741,0.003536
4.742,0.002597
4.743,0.003391
4.744,0.003507
4.745,0.003063
4.746,0.001635
4.747,0.002195
4.748,0.001513
4.749,0.000197
4.75,-0.000646
4.751,-0.000935
4.752,-0.000552
4.753,-0.001209
4.754,-0.001373
4.755,-0.000929
4.756,-0.000375
4.757,0.001011
4.758,0.001191
4.759,0.00168
4.76,0.002828
4.761,0.003327
4.762,0.003369
4.763,0.003735
4.764,0.002581
4.765,0.002947
4.766,0.002397
4.767,0.001641
4.768,0.000744
4.769,0.000451
4.77,-0.000414
4.771,-0.00034
4.772,-0.000829
4.773,-0.001424
4.774,-0.001884
4.775,-0.000372
4.776,8.89E-07
4.777,0.000249
4.778,0.001693
4.779,0.001381
4.78,0.002667
4.781,0.002877
4.782,0.003742
4.783,0.003848
4.784,0.002667
4.785,0.003362
4.786,0.002938
4.787,0.002179
4.788,0.001416
4.789,0.0004
4.79,-0.000761
4.791,-0.000864
4.792,-0.000784
4.793,-0.001363
4.794,-0.001762
4.795,-0.00109
4.796,-0.000704
4.797,0.000326
4.798,0.000596
4.799,0.001365
4.8,0.002667
4.801,0.003044
4.802,0.003925
4.803,0.003616
4.804,0.002803
4.805,0.002568
4.806,0.002725
4.807,0.001918
4.808,0.000406
4.809,0.000458
4.81,-0.000469
4.811,-0.001234
4.812,-0.00015
4.813,-0.001617
4.814,-0.001286
4.815,-0.000745
4.816,-0.000298
4.817,0.000284
4.818,0.000947
4.819,0.001333
4.82,0.003021
4.821,0.002764
4.822,0.003108
4.823,0.003176
4.824,0.003034
4.825,0.003095
4.826,0.002384
4.827,0.002774
4.828,0.000988
4.829,0.000493
4.83,-0.000453
4.831,-0.000835
4.832,-0.001643
4.833,-0.001344
4.834,-0.001302
4.835,-0.000852
4.836,-0.000797
4.837,0.000229
4.838,0.000564
4.839,0.002275
4.84,0.002661
4.841,0.002835
4.842,0.002996
4.843,0.003433
4.844,0.003182
4.845,0.002088
4.846,0.002548
4.847,0.001625
4.848,0.00141
4.849,0.000789
4.85,-0.000366
4.851,-0.000951
4.852,-0.000806
4.853,-0.001797
4.854,-0.001685
4.855,-0.001308
4.856,-4.09E-05
4.857,7.81E-05
4.858,0.000281
4.859,0.001712
4.86,0.002172
4.861,0.003024
4.862,0.002484
4.863,0.003256
4.864,0.002831
4.865,0.003234
4.866,0.002172
4.867,0.001892
4.868,0.001516
4.869,-0.000903
4.87,-0.000276
4.871,-0.000909
4.872,-0.001147
4.873,-0.00154
4.874,-0.001427
4.875,-0.001273
4.876,-0.000893
4.877,0.000673
4.878,0.000947
4.879,0.001899
4.88,0.002236
4.881,0.003121
4.882,0.002671
4.883,0.003259
4.884,0.003041
4.885,0.003497
4.886,0.002709
4.887,0.001526
4.888,0.001024
4.889,0.000187
4.89,-0.00025
4.891,-0.000742
4.892,-0.000887
4.893,-0.00164
4.894,-0.000929
4.895,-0.000971
4.896,-0.000507
4.897,0.000139
4.898,0.000409
4.899,0.001809
4.9,0.002491
4.901,0.002806
4.902,0.003073
4.903,0.00387
4.904,0.002757
4.905,0.00269
4.906,0.002449
4.907,0.001593
4.908,0.00177
4.909,-0.000125
4.91,-0.000478
4.911,-0.001086
4.912,-0.002202
4.913,-0.001852
4.914,-0.001308
4.915,-0.000314
4.916,-7.31E-05
4.917,-0.000556
4.918,0.000654
4.919,0.002417
4.92,0.003558
4.921,0.003037
4.922,0.002188
4.923,0.003082
4.924,0.003143
4.925,0.002979
4.926,0.001776
4.927,0.002391
4.928,0.001532
4.929,-0.000781
4.93,3.31E-05
4.931,-0.000633
4.932,-0.000543
4.933,-0.001935
4.934,-0.001141
4.935,-0.000855
4.936,-0.000749
4.937,0.000635
4.938,-0.000581
4.939,0.000937
4.94,0.001918
4.941,0.00316
4.942,0.00316
4.943,0.003558
4.944,0.003256
4.945,0.002709
4.946,0.002188
4.947,0.002143
4.948,0.002105
4.949,0.000146
4.95,-0.000925
4.951,-0.000839
4.952,-0.000913
4.953,-0.001328
4.954,-0.002447
4.955,-0.000868
4.956,-6.34E-05
4.957,0.000252
4.958,0.000815
4.959,0.001072
4.96,0.002571
4.961,0.003076
4.962,0.00261
4.963,0.003761
4.964,0.003269
4.965,0.002262
4.966,0.002507
4.967,0.001783
4.968,0.000969
4.969,0.000384
4.97,-0.000372
4.971,-0.001427
4.972,-0.00063
4.973,-0.001164
4.974,-0.001016
4.975,-0.000954
4.976,-0.000266
4.977,-0.000105
4.978,0.000731
4.979,0.000683
4.98,0.002603
4.981,0.002548
4.982,0.003517
4.983,0.002166
4.984,0.003365
4.985,0.002893
4.986,0.001374
4.987,0.001818
4.988,0.000985
4.989,0.00095
4.99,-0.000411
4.991,-0.000694
4.992,-0.001964
4.993,-0.001685
4.994,-0.000971
4.995,-0.001231
4.996,-0.000231
4.997,-0.000221
4.998,0.00057
4.999,0.001522
