Address,ASRL1::INSTR
Model,34401A
Serial Number:,0
Firmware Version,11-5-2
Start Time,2021-05-04 13:19:28.842
Stop Time,2021-05-04 13:21:25.841
Sample Count,2792
Auto Range:,On
Measurement:,AC Voltage
Range(VAC):,10
Resolution(VAC):,0.0001
,
Time (s),Channel 1 (VAC)
2021-05-04 13:19:29.942,0.66508594
2021-05-04 13:19:29.981,0.5954896
2021-05-04 13:19:30.023,0.58393685
2021-05-04 13:19:30.064,0.63975128
2021-05-04 13:19:30.105,0.7327137
2021-05-04 13:19:30.146,0.83752447
2021-05-04 13:19:30.186,0.9181029
2021-05-04 13:19:30.226,0.97067159
2021-05-04 13:19:30.266,0.98287319
2021-05-04 13:19:30.306,0.95496786
2021-05-04 13:19:30.346,0.89075544
2021-05-04 13:19:30.387,0.79987061
2021-05-04 13:19:30.428,0.69693408
2021-05-04 13:19:30.468,0.61389545
2021-05-04 13:19:30.509,0.57980934
2021-05-04 13:19:30.550,0.6127858
2021-05-04 13:19:30.590,0.69725882
2021-05-04 13:19:30.631,0.79716932
2021-05-04 13:19:30.672,0.88993383
2021-05-04 13:19:30.712,0.95466513
2021-05-04 13:19:30.752,0.98102307
2021-05-04 13:19:30.793,0.96756863
2021-05-04 13:19:30.833,0.9159056
2021-05-04 13:19:30.874,0.833324
2021-05-04 13:19:30.914,0.73160069
2021-05-04 13:19:30.955,0.63763135
2021-05-04 13:19:30.995,0.58561213
2021-05-04 13:19:31.036,0.59812107
2021-05-04 13:19:31.076,0.66810127
2021-05-04 13:19:31.117,0.7675407
2021-05-04 13:19:31.158,0.86174192
2021-05-04 13:19:31.199,0.93462467
2021-05-04 13:19:31.240,0.97148502
2021-05-04 13:19:31.281,0.96918583
2021-05-04 13:19:31.321,0.92796254
2021-05-04 13:19:31.361,0.85132986
2021-05-04 13:19:31.401,0.75524916
2021-05-04 13:19:31.441,0.65848691
2021-05-04 13:19:31.481,0.5899279
2021-05-04 13:19:31.522,0.57832295
2021-05-04 13:19:31.564,0.63328916
2021-05-04 13:19:31.604,0.72438762
2021-05-04 13:19:31.645,0.82450399
2021-05-04 13:19:31.686,0.90710613
2021-05-04 13:19:31.727,0.95726747
2021-05-04 13:19:31.768,0.96790783
2021-05-04 13:19:31.809,0.93803561
2021-05-04 13:19:31.849,0.87102273
2021-05-04 13:19:31.890,0.7775907
2021-05-04 13:19:31.931,0.67907477
2021-05-04 13:19:31.971,0.60075422
2021-05-04 13:19:32.011,0.57424744
2021-05-04 13:19:32.052,0.61279942
2021-05-04 13:19:32.092,0.70038988
2021-05-04 13:19:32.133,0.80131486
2021-05-04 13:19:32.174,0.89595088
2021-05-04 13:19:32.214,0.95790773
2021-05-04 13:19:32.255,0.98275348
2021-05-04 13:19:32.296,0.96584722
2021-05-04 13:19:32.337,0.90883655
2021-05-04 13:19:32.377,0.82297106
2021-05-04 13:19:32.418,0.7201098
2021-05-04 13:19:32.458,0.62987613
2021-05-04 13:19:32.498,0.58135003
2021-05-04 13:19:32.538,0.59755545
2021-05-04 13:19:32.578,0.67114302
2021-05-04 13:19:32.618,0.77134556
2021-05-04 13:19:32.659,0.86851138
2021-05-04 13:19:32.700,0.9440885
2021-05-04 13:19:32.741,0.98339437
2021-05-04 13:19:32.782,0.98070818
2021-05-04 13:19:32.822,0.93760478
2021-05-04 13:19:32.863,0.85838758
2021-05-04 13:19:32.904,0.76018842
2021-05-04 13:19:32.945,0.65835882
2021-05-04 13:19:32.985,0.59352626
2021-05-04 13:19:33.026,0.58918072
2021-05-04 13:19:33.066,0.64705849
2021-05-04 13:19:33.107,0.7396035
2021-05-04 13:19:33.148,0.83908507
2021-05-04 13:19:33.188,0.91860269
2021-05-04 13:19:33.228,0.96636253
2021-05-04 13:19:33.268,0.9774377
2021-05-04 13:19:33.309,0.94679482
2021-05-04 13:19:33.350,0.88064422
2021-05-04 13:19:33.390,0.78631365
2021-05-04 13:19:33.431,0.68646415
2021-05-04 13:19:33.473,0.60338108
2021-05-04 13:19:33.514,0.5780001
2021-05-04 13:19:33.555,0.62207751
2021-05-04 13:19:33.595,0.70775704
2021-05-04 13:19:33.635,0.81093529
2021-05-04 13:19:33.675,0.89914966
2021-05-04 13:19:33.715,0.95892199
2021-05-04 13:19:33.755,0.9814258
2021-05-04 13:19:33.795,0.963795
2021-05-04 13:19:33.836,0.90661137
2021-05-04 13:19:33.877,0.82088572
2021-05-04 13:19:33.918,0.71834772
2021-05-04 13:19:33.958,0.62850148
2021-05-04 13:19:33.999,0.57971731
2021-05-04 13:19:34.040,0.59676152
2021-05-04 13:19:34.081,0.67364221
2021-05-04 13:19:34.121,0.76940152
2021-05-04 13:19:34.161,0.86612414
2021-05-04 13:19:34.202,0.93739388
2021-05-04 13:19:34.243,0.97444396
2021-05-04 13:19:34.283,0.97001016
2021-05-04 13:19:34.323,0.92595854
2021-05-04 13:19:34.363,0.84868979
2021-05-04 13:19:34.403,0.75111767
2021-05-04 13:19:34.444,0.65187133
2021-05-04 13:19:34.484,0.58581255
2021-05-04 13:19:34.525,0.57867034
2021-05-04 13:19:34.565,0.63559464
2021-05-04 13:19:34.606,0.73021766
2021-05-04 13:19:34.648,0.82827489
2021-05-04 13:19:34.689,0.91175734
2021-05-04 13:19:34.729,0.96240631
2021-05-04 13:19:34.769,0.97474732
2021-05-04 13:19:34.810,0.9461229
2021-05-04 13:19:34.850,0.87907523
2021-05-04 13:19:34.889,0.78989
2021-05-04 13:19:34.930,0.69048579
2021-05-04 13:19:34.971,0.6083281
2021-05-04 13:19:35.012,0.57921898
2021-05-04 13:19:35.053,0.61855399
2021-05-04 13:19:35.093,0.70383478
2021-05-04 13:19:35.134,0.80590044
2021-05-04 13:19:35.175,0.89420684
2021-05-04 13:19:35.216,0.95707229
2021-05-04 13:19:35.256,0.97928364
2021-05-04 13:19:35.297,0.96065031
2021-05-04 13:19:35.337,0.90619124
2021-05-04 13:19:35.377,0.81870833
2021-05-04 13:19:35.418,0.71902739
2021-05-04 13:19:35.458,0.62958032
2021-05-04 13:19:35.499,0.58130642
2021-05-04 13:19:35.540,0.59833197
2021-05-04 13:19:35.581,0.67438708
2021-05-04 13:19:35.621,0.77185584
2021-05-04 13:19:35.662,0.86806022
2021-05-04 13:19:35.702,0.93853729
2021-05-04 13:19:35.743,0.97468736
2021-05-04 13:19:35.784,0.9697133
2021-05-04 13:19:35.825,0.92395181
2021-05-04 13:19:35.865,0.84610758
2021-05-04 13:19:35.905,0.7485948
2021-05-04 13:19:35.946,0.65280195
2021-05-04 13:19:35.987,0.5874958
2021-05-04 13:19:36.027,0.58429472
2021-05-04 13:19:36.067,0.64311149
2021-05-04 13:19:36.108,0.73988967
2021-05-04 13:19:36.149,0.83822364
2021-05-04 13:19:36.190,0.91981004
2021-05-04 13:19:36.230,0.96761307
2021-05-04 13:19:36.271,0.97467855
2021-05-04 13:19:36.312,0.94174969
2021-05-04 13:19:36.352,0.87189339
2021-05-04 13:19:36.393,0.77904502
2021-05-04 13:19:36.433,0.67760808
2021-05-04 13:19:36.473,0.60017162
2021-05-04 13:19:36.514,0.57500321
2021-05-04 13:19:36.554,0.61483509
2021-05-04 13:19:36.595,0.70045026
2021-05-04 13:19:36.635,0.8029698
2021-05-04 13:19:36.676,0.89151414
2021-05-04 13:19:36.717,0.95357644
2021-05-04 13:19:36.757,0.97674126
2021-05-04 13:19:36.798,0.95849536
2021-05-04 13:19:36.839,0.90039097
2021-05-04 13:19:36.879,0.8116808
2021-05-04 13:19:36.920,0.71170887
2021-05-04 13:19:36.961,0.62138924
2021-05-04 13:19:37.001,0.57721099
2021-05-04 13:19:37.041,0.59781729
2021-05-04 13:19:37.081,0.6736007
2021-05-04 13:19:37.121,0.7741936
2021-05-04 13:19:37.161,0.8707309
2021-05-04 13:19:37.202,0.94350086
2021-05-04 13:19:37.242,0.9814281
2021-05-04 13:19:37.284,0.97768026
2021-05-04 13:19:37.325,0.93280704
2021-05-04 13:19:37.365,0.85539803
2021-05-04 13:19:37.406,0.75520388
2021-05-04 13:19:37.447,0.65713554
2021-05-04 13:19:37.487,0.59418686
2021-05-04 13:19:37.527,0.59421579
2021-05-04 13:19:37.568,0.65436612
2021-05-04 13:19:37.608,0.74797424
2021-05-04 13:19:37.648,0.84769774
2021-05-04 13:19:37.689,0.92670131
2021-05-04 13:19:37.730,0.97393662
2021-05-04 13:19:37.770,0.98222727
2021-05-04 13:19:37.811,0.95022379
2021-05-04 13:19:37.851,0.88083017
2021-05-04 13:19:37.892,0.78786838
2021-05-04 13:19:37.932,0.68574465
2021-05-04 13:19:37.973,0.60723815
2021-05-04 13:19:38.014,0.58106407
2021-05-04 13:19:38.055,0.62270309
2021-05-04 13:19:38.096,0.71111578
2021-05-04 13:19:38.136,0.80832877
2021-05-04 13:19:38.176,0.89837564
2021-05-04 13:19:38.216,0.95758089
2021-05-04 13:19:38.257,0.97981593
2021-05-04 13:19:38.297,0.96214551
2021-05-04 13:19:38.337,0.90684429
2021-05-04 13:19:38.378,0.81713264
2021-05-04 13:19:38.419,0.71738712
2021-05-04 13:19:38.460,0.62656016
2021-05-04 13:19:38.501,0.58130328
2021-05-04 13:19:38.542,0.60142173
2021-05-04 13:19:38.583,0.67781878
2021-05-04 13:19:38.624,0.77817226
2021-05-04 13:19:38.664,0.87086172
2021-05-04 13:19:38.704,0.94055324
2021-05-04 13:19:38.744,0.97297539
2021-05-04 13:19:38.785,0.96606148
2021-05-04 13:19:38.825,0.92075198
2021-05-04 13:19:38.866,0.84326583
2021-05-04 13:19:38.906,0.74372242
2021-05-04 13:19:38.947,0.64843691
2021-05-04 13:19:38.988,0.58368486
2021-05-04 13:19:39.029,0.58436138
2021-05-04 13:19:39.069,0.64827548
2021-05-04 13:19:39.110,0.74465283
2021-05-04 13:19:39.151,0.84839817
2021-05-04 13:19:39.192,0.92666546
2021-05-04 13:19:39.234,0.97278839
2021-05-04 13:19:39.274,0.97618717
2021-05-04 13:19:39.315,0.93989558
2021-05-04 13:19:39.355,0.86904053
2021-05-04 13:19:39.395,0.77214872
2021-05-04 13:19:39.435,0.67316527
2021-05-04 13:19:39.476,0.59799486
2021-05-04 13:19:39.516,0.57714747
2021-05-04 13:19:39.557,0.62199051
2021-05-04 13:19:39.598,0.71273949
2021-05-04 13:19:39.639,0.81279213
2021-05-04 13:19:39.679,0.90155807
2021-05-04 13:19:39.720,0.95902367
2021-05-04 13:19:39.760,0.97927294
2021-05-04 13:19:39.800,0.95846161
2021-05-04 13:19:39.840,0.90021529
2021-05-04 13:19:39.880,0.8131915
2021-05-04 13:19:39.920,0.7133439
2021-05-04 13:19:39.960,0.62544442
2021-05-04 13:19:40.001,0.58106659
2021-05-04 13:19:40.042,0.60301714
2021-05-04 13:19:40.083,0.67934898
2021-05-04 13:19:40.124,0.78388846
2021-05-04 13:19:40.165,0.87790561
2021-05-04 13:19:40.206,0.95017158
2021-05-04 13:19:40.247,0.98236459
2021-05-04 13:19:40.287,0.97319783
2021-05-04 13:19:40.328,0.92286878
2021-05-04 13:19:40.370,0.83924839
2021-05-04 13:19:40.410,0.73968883
2021-05-04 13:19:40.450,0.64479977
2021-05-04 13:19:40.490,0.5855375
2021-05-04 13:19:40.530,0.58860315
2021-05-04 13:19:40.570,0.65276316
2021-05-04 13:19:40.611,0.74975141
2021-05-04 13:19:40.651,0.85098101
2021-05-04 13:19:40.692,0.92940239
2021-05-04 13:19:40.733,0.97537269
2021-05-04 13:19:40.774,0.9803023
2021-05-04 13:19:40.815,0.94241029
2021-05-04 13:19:40.856,0.87063929
2021-05-04 13:19:40.897,0.77042312
2021-05-04 13:19:40.938,0.67363068
2021-05-04 13:19:40.978,0.59615711
2021-05-04 13:19:41.018,0.57941835
2021-05-04 13:19:41.058,0.62759329
2021-05-04 13:19:41.098,0.71761333
2021-05-04 13:19:41.139,0.81766765
2021-05-04 13:19:41.179,0.90392665
2021-05-04 13:19:41.220,0.96070063
2021-05-04 13:19:41.260,0.97961592
2021-05-04 13:19:41.301,0.95740059
2021-05-04 13:19:41.342,0.89631944
2021-05-04 13:19:41.383,0.80581994
2021-05-04 13:19:41.424,0.703105
2021-05-04 13:19:41.464,0.61702169
2021-05-04 13:19:41.505,0.5771764
2021-05-04 13:19:41.546,0.60703773
2021-05-04 13:19:41.587,0.68824803
2021-05-04 13:19:41.627,0.78918894
2021-05-04 13:19:41.666,0.8827434
2021-05-04 13:19:41.706,0.95070597
2021-05-04 13:19:41.747,0.9822734
2021-05-04 13:19:41.787,0.97251983
2021-05-04 13:19:41.828,0.92353755
2021-05-04 13:19:41.869,0.84039913
2021-05-04 13:19:41.910,0.73870391
2021-05-04 13:19:41.951,0.64295509
2021-05-04 13:19:41.992,0.5872329
2021-05-04 13:19:42.033,0.59515332
2021-05-04 13:19:42.074,0.66405175
2021-05-04 13:19:42.114,0.76336225
2021-05-04 13:19:42.154,0.85993875
2021-05-04 13:19:42.195,0.93539323
2021-05-04 13:19:42.235,0.97691799
2021-05-04 13:19:42.275,0.97889139
2021-05-04 13:19:42.316,0.94016058
2021-05-04 13:19:42.357,0.86790823
2021-05-04 13:19:42.397,0.77024995
2021-05-04 13:19:42.438,0.67149816
2021-05-04 13:19:42.478,0.59677808
2021-05-04 13:19:42.519,0.58090663
2021-05-04 13:19:42.559,0.63186441
2021-05-04 13:19:42.600,0.72329411
2021-05-04 13:19:42.641,0.8286359
2021-05-04 13:19:42.682,0.9128498
2021-05-04 13:19:42.722,0.96651977
2021-05-04 13:19:42.762,0.98189624
2021-05-04 13:19:42.803,0.95673098
2021-05-04 13:19:42.843,0.89460915
2021-05-04 13:19:42.884,0.80000101
2021-05-04 13:19:42.925,0.69664602
2021-05-04 13:19:42.966,0.61165874
2021-05-04 13:19:43.006,0.57373989
2021-05-04 13:19:43.047,0.60308527
2021-05-04 13:19:43.088,0.68591677
2021-05-04 13:19:43.129,0.78624384
2021-05-04 13:19:43.169,0.88007985
2021-05-04 13:19:43.210,0.94470255
2021-05-04 13:19:43.251,0.97356093
2021-05-04 13:19:43.291,0.9602566
2021-05-04 13:19:43.332,0.9090592
2021-05-04 13:19:43.372,0.8272774
2021-05-04 13:19:43.412,0.7263824
2021-05-04 13:19:43.453,0.63450343
2021-05-04 13:19:43.494,0.57992968
2021-05-04 13:19:43.535,0.58881804
2021-05-04 13:19:43.576,0.65908734
2021-05-04 13:19:43.616,0.75952929
2021-05-04 13:19:43.657,0.85622614
2021-05-04 13:19:43.698,0.93270809
2021-05-04 13:19:43.739,0.97368379
2021-05-04 13:19:43.779,0.97298441
2021-05-04 13:19:43.820,0.93207558
2021-05-04 13:19:43.861,0.85514814
2021-05-04 13:19:43.901,0.75850706
2021-05-04 13:19:43.941,0.66107436
2021-05-04 13:19:43.981,0.59324156
2021-05-04 13:19:44.022,0.58092382
2021-05-04 13:19:44.062,0.6351418
2021-05-04 13:19:44.103,0.72706857
2021-05-04 13:19:44.143,0.82855561
2021-05-04 13:19:44.184,0.91151457
2021-05-04 13:19:44.225,0.96511137
2021-05-04 13:19:44.266,0.97897001
2021-05-04 13:19:44.306,0.95169047
2021-05-04 13:19:44.347,0.88812145
2021-05-04 13:19:44.387,0.79527685
2021-05-04 13:19:44.427,0.6954544
2021-05-04 13:19:44.467,0.61322542
2021-05-04 13:19:44.507,0.57957999
2021-05-04 13:19:44.548,0.61064762
2021-05-04 13:19:44.588,0.69374264
2021-05-04 13:19:44.630,0.79298479
2021-05-04 13:19:44.672,0.88593023
2021-05-04 13:19:44.713,0.95213701
2021-05-04 13:19:44.754,0.98042914
2021-05-04 13:19:44.794,0.96612354
2021-05-04 13:19:44.835,0.91113679
2021-05-04 13:19:44.875,0.82654804
2021-05-04 13:19:44.916,0.72413395
2021-05-04 13:19:44.956,0.6351288
2021-05-04 13:19:44.996,0.58242342
2021-05-04 13:19:45.037,0.59530448
2021-05-04 13:19:45.077,0.66580293
2021-05-04 13:19:45.117,0.76398657
2021-05-04 13:19:45.157,0.86230314
2021-05-04 13:19:45.198,0.93524794
2021-05-04 13:19:45.238,0.97385779
2021-05-04 13:19:45.279,0.97270851
2021-05-04 13:19:45.320,0.93224414
2021-05-04 13:19:45.360,0.85636555
2021-05-04 13:19:45.401,0.76061463
2021-05-04 13:19:45.442,0.66136954
2021-05-04 13:19:45.482,0.59397008
2021-05-04 13:19:45.523,0.58584987
2021-05-04 13:19:45.563,0.64112153
2021-05-04 13:19:45.603,0.73315522
2021-05-04 13:19:45.644,0.83124327
2021-05-04 13:19:45.684,0.91484437
2021-05-04 13:19:45.724,0.96617238
2021-05-04 13:19:45.765,0.98013878
2021-05-04 13:19:45.806,0.95338692
2021-05-04 13:19:45.847,0.89051728
2021-05-04 13:19:45.888,0.79816409
2021-05-04 13:19:45.928,0.69548144
2021-05-04 13:19:45.969,0.6110493
2021-05-04 13:19:46.010,0.57957706
2021-05-04 13:19:46.051,0.61815797
2021-05-04 13:19:46.091,0.70515764
2021-05-04 13:19:46.131,0.80788096
2021-05-04 13:19:46.171,0.89993625
2021-05-04 13:19:46.212,0.96469878
2021-05-04 13:19:46.252,0.99249531
2021-05-04 13:19:46.293,0.97846203
2021-05-04 13:19:46.334,0.92333147
2021-05-04 13:19:46.374,0.83811106
2021-05-04 13:19:46.415,0.73426781
2021-05-04 13:19:46.455,0.64052131
2021-05-04 13:19:46.496,0.58483225
2021-05-04 13:19:46.537,0.59556004
2021-05-04 13:19:46.578,0.66500606
2021-05-04 13:19:46.619,0.7653369
2021-05-04 13:19:46.660,0.86570045
2021-05-04 13:19:46.700,0.93814043
2021-05-04 13:19:46.740,0.9763205
2021-05-04 13:19:46.781,0.9750186
2021-05-04 13:19:46.821,0.93290368
2021-05-04 13:19:46.862,0.85780624
2021-05-04 13:19:46.902,0.75872782
2021-05-04 13:19:46.943,0.65929678
2021-05-04 13:19:46.984,0.59239124
2021-05-04 13:19:47.025,0.58453245
2021-05-04 13:19:47.065,0.63928881
2021-05-04 13:19:47.106,0.73313824
2021-05-04 13:19:47.146,0.83065479
2021-05-04 13:19:47.187,0.91319844
2021-05-04 13:19:47.227,0.9624409
2021-05-04 13:19:47.268,0.97346261
2021-05-04 13:19:47.308,0.94435936
2021-05-04 13:19:47.349,0.87977104
2021-05-04 13:19:47.389,0.78936295
2021-05-04 13:19:47.430,0.69060738
2021-05-04 13:19:47.471,0.60858428
2021-05-04 13:19:47.511,0.57925839
2021-05-04 13:19:47.552,0.61822338
2021-05-04 13:19:47.592,0.70401025
2021-05-04 13:19:47.633,0.80728641
2021-05-04 13:19:47.674,0.89658799
2021-05-04 13:19:47.715,0.96007798
2021-05-04 13:19:47.757,0.98211155
2021-05-04 13:19:47.798,0.96236354
2021-05-04 13:19:47.838,0.90278512
2021-05-04 13:19:47.878,0.81528482
2021-05-04 13:19:47.918,0.71444223
2021-05-04 13:19:47.958,0.62446265
2021-05-04 13:19:47.998,0.57761184
2021-05-04 13:19:48.038,0.59535312
2021-05-04 13:19:48.079,0.67197322
2021-05-04 13:19:48.120,0.77236507
2021-05-04 13:19:48.161,0.87166131
2021-05-04 13:19:48.202,0.94450591
2021-05-04 13:19:48.243,0.98253524
2021-05-04 13:19:48.284,0.97735112
2021-05-04 13:19:48.325,0.92972021
2021-05-04 13:19:48.365,0.85093446
2021-05-04 13:19:48.406,0.75016232
2021-05-04 13:19:48.446,0.67207679
2021-05-04 13:19:48.486,0.80430483
2021-05-04 13:19:48.527,1.0674061
2021-05-04 13:19:48.813,1.120662
2021-05-04 13:19:49.098,1.1789406
2021-05-04 13:19:49.138,1.2153281
2021-05-04 13:19:49.179,1.239999
2021-05-04 13:19:49.220,1.2480658
2021-05-04 13:19:49.262,1.2528903
2021-05-04 13:19:49.303,1.2520519
2021-05-04 13:19:49.344,1.2490576
2021-05-04 13:19:49.384,1.2465277
2021-05-04 13:19:49.424,1.2417431
2021-05-04 13:19:49.465,1.2393792
2021-05-04 13:19:49.506,1.2364563
2021-05-04 13:19:49.547,1.2345253
2021-05-04 13:19:49.587,1.2340062
2021-05-04 13:19:49.628,1.2332981
2021-05-04 13:19:49.669,1.2333023
2021-05-04 13:19:49.709,1.2322244
2021-05-04 13:19:49.749,1.231615
2021-05-04 13:19:49.789,1.2309195
2021-05-04 13:19:49.830,1.2293793
2021-05-04 13:19:49.871,1.2283728
2021-05-04 13:19:49.912,1.2272486
2021-05-04 13:19:49.952,1.2268472
2021-05-04 13:19:49.993,1.2267443
2021-05-04 13:19:50.034,1.2265699
2021-05-04 13:19:50.076,1.2264627
2021-05-04 13:19:50.117,1.2260067
2021-05-04 13:19:50.158,1.2258134
2021-05-04 13:19:50.198,1.2260698
2021-05-04 13:19:50.238,1.226345
2021-05-04 13:19:50.278,1.2262715
2021-05-04 13:19:50.318,1.226074
2021-05-04 13:19:50.359,1.225929
2021-05-04 13:19:50.400,1.2263724
2021-05-04 13:19:50.441,1.2270006
2021-05-04 13:19:50.482,1.2272843
2021-05-04 13:19:50.523,1.2271603
2021-05-04 13:19:50.563,1.2266098
2021-05-04 13:19:50.604,1.2262946
2021-05-04 13:19:50.644,1.226345
2021-05-04 13:19:50.685,1.2261475
2021-05-04 13:19:50.726,1.2253743
2021-05-04 13:19:50.767,1.2247019
2021-05-04 13:19:50.807,1.2249855
2021-05-04 13:19:50.847,1.2254625
2021-05-04 13:19:50.888,1.2258155
2021-05-04 13:19:50.928,1.2263219
2021-05-04 13:19:50.969,1.2265278
2021-05-04 13:19:51.009,1.2265888
2021-05-04 13:19:51.050,1.2268598
2021-05-04 13:19:51.091,1.2273978
2021-05-04 13:19:51.132,1.2279294
2021-05-04 13:19:51.173,1.2281395
2021-05-04 13:19:51.214,1.2282341
2021-05-04 13:19:51.254,1.2286291
2021-05-04 13:19:51.295,1.2289128
2021-05-04 13:19:51.335,1.2287363
2021-05-04 13:19:51.376,1.228192
2021-05-04 13:19:51.416,1.2273452
2021-05-04 13:19:51.456,1.2266917
2021-05-04 13:19:51.496,1.2265594
2021-05-04 13:19:51.536,1.2267338
2021-05-04 13:19:51.577,1.2267758
2021-05-04 13:19:51.618,1.226551
2021-05-04 13:19:51.659,1.2264459
2021-05-04 13:19:51.700,1.2267044
2021-05-04 13:19:51.741,1.2269502
2021-05-04 13:19:51.781,1.2270364
2021-05-04 13:19:51.822,1.2268956
2021-05-04 13:19:51.862,1.2264753
2021-05-04 13:19:51.903,1.2263997
2021-05-04 13:19:51.943,1.2267548
2021-05-04 13:19:51.984,1.2271267
2021-05-04 13:19:52.025,1.2274608
2021-05-04 13:19:52.065,1.2279336
2021-05-04 13:19:52.105,1.2281878
2021-05-04 13:19:52.146,1.2281374
2021-05-04 13:19:52.187,1.2276289
2021-05-04 13:19:52.227,1.2268809
2021-05-04 13:19:52.268,1.2264375
2021-05-04 13:19:52.308,1.2261769
2021-05-04 13:19:52.349,1.226364
2021-05-04 13:19:52.391,1.2267128
2021-05-04 13:19:52.432,1.2267464
2021-05-04 13:19:52.472,1.2267527
2021-05-04 13:19:52.513,1.2267968
2021-05-04 13:19:52.553,1.2266623
2021-05-04 13:19:52.593,1.2267233
2021-05-04 13:19:52.633,1.2269628
2021-05-04 13:19:52.673,1.2269502
2021-05-04 13:19:52.713,1.2267086
2021-05-04 13:19:52.754,1.2266602
2021-05-04 13:19:52.796,1.2271687
2021-05-04 13:19:52.837,1.2276436
2021-05-04 13:19:52.878,1.2274671
2021-05-04 13:19:52.918,1.2269985
2021-05-04 13:19:52.959,1.2265699
2021-05-04 13:19:52.999,1.2268052
2021-05-04 13:19:53.040,1.2272087
2021-05-04 13:19:53.080,1.2270406
2021-05-04 13:19:53.120,1.2265215
2021-05-04 13:19:53.161,1.2264312
2021-05-04 13:19:53.201,1.2265741
2021-05-04 13:19:53.241,1.2270258
2021-05-04 13:19:53.282,1.2273263
2021-05-04 13:19:53.323,1.226925
2021-05-04 13:19:53.363,1.2268157
2021-05-04 13:19:53.404,1.2267149
2021-05-04 13:19:53.445,1.2266413
2021-05-04 13:19:53.486,1.2264627
2021-05-04 13:19:53.527,1.225908
2021-05-04 13:19:53.568,1.2250696
2021-05-04 13:19:53.609,1.2246766
2021-05-04 13:19:53.649,1.2247229
2021-05-04 13:19:53.689,1.2249918
2021-05-04 13:19:53.729,1.2251704
2021-05-04 13:19:53.769,1.2252923
2021-05-04 13:19:53.810,1.2254226
2021-05-04 13:19:53.850,1.2258134
2021-05-04 13:19:53.892,1.2262547
2021-05-04 13:19:53.932,1.2265236
2021-05-04 13:19:53.973,1.2267905
2021-05-04 13:19:54.013,1.2270153
2021-05-04 13:19:54.054,1.2268746
2021-05-04 13:19:54.095,1.2265531
2021-05-04 13:19:54.136,1.2264228
2021-05-04 13:19:54.176,1.2265468
2021-05-04 13:19:54.216,1.2268367
2021-05-04 13:19:54.257,1.2270237
2021-05-04 13:19:54.298,1.2272486
2021-05-04 13:19:54.338,1.2273873
2021-05-04 13:19:54.378,1.2273431
2021-05-04 13:19:54.419,1.2269838
2021-05-04 13:19:54.459,1.2261433
2021-05-04 13:19:54.500,1.2256411
2021-05-04 13:19:54.541,1.2257252
2021-05-04 13:19:54.582,1.2259983
2021-05-04 13:19:54.622,1.226179
2021-05-04 13:19:54.663,1.2263534
2021-05-04 13:19:54.704,1.2264501
2021-05-04 13:19:54.745,1.2266224
2021-05-04 13:19:54.785,1.227009
2021-05-04 13:19:54.825,1.227402
2021-05-04 13:19:54.866,1.2276331
2021-05-04 13:19:54.906,1.2274314
2021-05-04 13:19:54.946,1.2274104
2021-05-04 13:19:54.986,1.2274083
2021-05-04 13:19:55.028,1.2268767
2021-05-04 13:19:55.069,1.2264438
2021-05-04 13:19:55.110,1.2266077
2021-05-04 13:19:55.151,1.227362
2021-05-04 13:19:55.192,1.2281311
2021-05-04 13:19:55.233,1.2284841
2021-05-04 13:19:55.274,1.2282572
2021-05-04 13:19:55.315,1.2279903
2021-05-04 13:19:55.356,1.2278474
2021-05-04 13:19:55.397,1.2278306
2021-05-04 13:19:55.438,1.2279042
2021-05-04 13:19:55.479,1.2278516
2021-05-04 13:19:55.519,1.2278033
2021-05-04 13:19:55.558,1.2279063
2021-05-04 13:19:55.598,1.2280534
2021-05-04 13:19:55.639,1.227734
2021-05-04 13:19:55.680,1.2269523
2021-05-04 13:19:55.721,1.2261916
2021-05-04 13:19:55.761,1.2260824
2021-05-04 13:19:55.802,1.2263429
2021-05-04 13:19:55.843,1.2269754
2021-05-04 13:19:55.884,1.227734
2021-05-04 13:19:55.925,1.2280912
2021-05-04 13:19:55.966,1.2278727
2021-05-04 13:19:56.006,1.2273074
2021-05-04 13:19:56.046,1.2266981
2021-05-04 13:19:56.087,1.2259458
2021-05-04 13:19:56.127,1.2253869
2021-05-04 13:19:56.167,1.2252041
2021-05-04 13:19:56.208,1.2254625
2021-05-04 13:19:56.249,1.2258891
2021-05-04 13:19:56.289,1.2262001
2021-05-04 13:19:56.330,1.2263072
2021-05-04 13:19:56.371,1.2264354
2021-05-04 13:19:56.412,1.2266119
2021-05-04 13:19:56.452,1.2269208
2021-05-04 13:19:56.493,1.2275259
2021-05-04 13:19:56.533,1.2278201
2021-05-04 13:19:56.574,1.2273032
2021-05-04 13:19:56.614,1.2265342
2021-05-04 13:19:56.654,1.2263366
2021-05-04 13:19:56.695,1.2264963
2021-05-04 13:19:56.735,1.2267065
2021-05-04 13:19:56.776,1.2268977
2021-05-04 13:19:56.817,1.2269544
2021-05-04 13:19:56.858,1.2269208
2021-05-04 13:19:56.899,1.2270385
2021-05-04 13:19:56.940,1.2273284
2021-05-04 13:19:56.981,1.227652
2021-05-04 13:19:57.022,1.2278664
2021-05-04 13:19:57.062,1.227528
2021-05-04 13:19:57.103,1.2269649
2021-05-04 13:19:57.143,1.2268998
2021-05-04 13:19:57.183,1.2270553
2021-05-04 13:19:57.223,1.2267506
2021-05-04 13:19:57.263,1.2262568
2021-05-04 13:19:57.304,1.2259332
2021-05-04 13:19:57.344,1.2256453
2021-05-04 13:19:57.385,1.2254184
2021-05-04 13:19:57.426,1.2254457
2021-05-04 13:19:57.467,1.2255592
2021-05-04 13:19:57.508,1.2259563
2021-05-04 13:19:57.549,1.2263682
2021-05-04 13:19:57.589,1.2258975
2021-05-04 13:19:57.630,1.2247292
2021-05-04 13:19:57.671,1.2240778
2021-05-04 13:19:57.712,1.2239559
2021-05-04 13:19:57.752,1.2243488
2021-05-04 13:19:57.792,1.2250969
2021-05-04 13:19:57.832,1.2256537
2021-05-04 13:19:57.872,1.2258386
2021-05-04 13:19:57.913,1.2262736
2021-05-04 13:19:57.954,1.2264207
2021-05-04 13:19:57.994,1.2260004
2021-05-04 13:19:58.034,1.2253806
2021-05-04 13:19:58.075,1.2249981
2021-05-04 13:19:58.117,1.2246346
2021-05-04 13:19:58.158,1.2244854
2021-05-04 13:19:58.198,1.2244854
2021-05-04 13:19:58.239,1.2245043
2021-05-04 13:19:58.279,1.2244665
2021-05-04 13:19:58.319,1.2245611
2021-05-04 13:19:58.359,1.225078
2021-05-04 13:19:58.399,1.2256012
2021-05-04 13:19:58.440,1.2257084
2021-05-04 13:19:58.481,1.2255403
2021-05-04 13:19:58.522,1.2254919
2021-05-04 13:19:58.562,1.2260025
2021-05-04 13:19:58.603,1.2268367
2021-05-04 13:19:58.644,1.2274629
2021-05-04 13:19:58.684,1.22761
2021-05-04 13:19:58.725,1.2274482
2021-05-04 13:19:58.766,1.2273305
2021-05-04 13:19:58.807,1.2275323
2021-05-04 13:19:58.847,1.2280155
2021-05-04 13:19:58.888,1.2283286
2021-05-04 13:19:58.928,1.2280071
2021-05-04 13:19:58.968,1.2273305
2021-05-04 13:19:59.008,1.2271918
2021-05-04 13:19:59.049,1.2270721
2021-05-04 13:19:59.090,1.2270153
2021-05-04 13:19:59.131,1.2270763
2021-05-04 13:19:59.172,1.2267065
2021-05-04 13:19:59.213,1.2261013
2021-05-04 13:19:59.253,1.2262925
2021-05-04 13:19:59.295,1.2265215
2021-05-04 13:19:59.336,1.226406
2021-05-04 13:19:59.377,1.2260677
2021-05-04 13:19:59.418,1.2250654
2021-05-04 13:19:59.458,1.224746
2021-05-04 13:19:59.499,1.2245464
2021-05-04 13:19:59.539,1.2244035
2021-05-04 13:19:59.579,1.2243993
2021-05-04 13:19:59.619,1.2240652
2021-05-04 13:19:59.661,1.2236785
2021-05-04 13:19:59.702,1.2236995
2021-05-04 13:19:59.743,1.2238067
2021-05-04 13:19:59.784,1.2238466
2021-05-04 13:19:59.825,1.2238971
2021-05-04 13:19:59.865,1.2240315
2021-05-04 13:19:59.906,1.2247019
2021-05-04 13:19:59.946,1.2255907
2021-05-04 13:19:59.987,1.2262631
2021-05-04 13:20:00.029,1.2265405
2021-05-04 13:20:00.069,1.2263198
2021-05-04 13:20:00.110,1.2260887
2021-05-04 13:20:00.150,1.2262841
2021-05-04 13:20:00.190,1.2266854
2021-05-04 13:20:00.230,1.2265657
2021-05-04 13:20:00.271,1.2258071
2021-05-04 13:20:00.312,1.225555
2021-05-04 13:20:00.353,1.2255949
2021-05-04 13:20:00.393,1.2255403
2021-05-04 13:20:00.435,1.2253806
2021-05-04 13:20:00.476,1.2249729
2021-05-04 13:20:00.517,1.2245905
2021-05-04 13:20:00.557,1.224664
2021-05-04 13:20:00.598,1.2251767
2021-05-04 13:20:00.638,1.2257798
2021-05-04 13:20:00.678,1.2259101
2021-05-04 13:20:00.719,1.225534
2021-05-04 13:20:00.759,1.2256201
2021-05-04 13:20:00.800,1.2258197
2021-05-04 13:20:00.840,1.2261307
2021-05-04 13:20:00.881,1.2265236
2021-05-04 13:20:00.921,1.2264144
2021-05-04 13:20:00.962,1.2263766
2021-05-04 13:20:01.003,1.2269565
2021-05-04 13:20:01.044,1.2274104
2021-05-04 13:20:01.084,1.2275365
2021-05-04 13:20:01.125,1.2275932
2021-05-04 13:20:01.166,1.2271645
2021-05-04 13:20:01.207,1.226448
2021-05-04 13:20:01.248,1.2256831
2021-05-04 13:20:01.288,1.2254688
2021-05-04 13:20:01.328,1.2257672
2021-05-04 13:20:01.368,1.2257189
2021-05-04 13:20:01.409,1.2252398
2021-05-04 13:20:01.450,1.2251032
2021-05-04 13:20:01.491,1.2255129
2021-05-04 13:20:01.532,1.2251536
2021-05-04 13:20:01.574,1.2263324
2021-05-04 13:20:01.615,1.2286585
2021-05-04 13:20:01.656,1.2306253
2021-05-04 13:20:01.696,1.2318062
2021-05-04 13:20:01.737,1.2321256
2021-05-04 13:20:01.778,1.231823
2021-05-04 13:20:01.818,1.2315289
2021-05-04 13:20:01.858,1.2314994
2021-05-04 13:20:01.898,1.2318041
2021-05-04 13:20:01.938,1.2322076
2021-05-04 13:20:01.979,1.232611
2021-05-04 13:20:02.020,1.2329745
2021-05-04 13:20:02.060,1.2332393
2021-05-04 13:20:02.101,1.2332687
2021-05-04 13:20:02.141,1.2330081
2021-05-04 13:20:02.182,1.232674
2021-05-04 13:20:02.223,1.232508
2021-05-04 13:20:02.264,1.2325143
2021-05-04 13:20:02.305,1.2324408
2021-05-04 13:20:02.346,1.2322223
2021-05-04 13:20:02.387,1.2320121
2021-05-04 13:20:02.427,1.2318819
2021-05-04 13:20:02.467,1.2317138
2021-05-04 13:20:02.507,1.2316171
2021-05-04 13:20:02.547,1.2316675
2021-05-04 13:20:02.588,1.2317264
2021-05-04 13:20:02.629,1.2317726
2021-05-04 13:20:02.670,1.2317999
2021-05-04 13:20:02.711,1.2317537
2021-05-04 13:20:02.752,1.2316276
2021-05-04 13:20:02.793,1.2314112
2021-05-04 13:20:02.834,1.2311863
2021-05-04 13:20:02.875,1.2311233
2021-05-04 13:20:02.916,1.2311674
2021-05-04 13:20:02.956,1.2313397
2021-05-04 13:20:02.997,1.231697
2021-05-04 13:20:03.037,1.2320542
2021-05-04 13:20:03.077,1.2322937
2021-05-04 13:20:03.117,1.2323568
2021-05-04 13:20:03.158,1.2322727
2021-05-04 13:20:03.199,1.2321929
2021-05-04 13:20:03.239,1.2321655
2021-05-04 13:20:03.280,1.2323525
2021-05-04 13:20:03.321,1.2327119
2021-05-04 13:20:03.362,1.2331636
2021-05-04 13:20:03.402,1.2334935
2021-05-04 13:20:03.443,1.2335881
2021-05-04 13:20:03.484,1.2335019
2021-05-04 13:20:03.525,1.2331867
2021-05-04 13:20:03.565,1.2327476
2021-05-04 13:20:03.605,1.2324156
2021-05-04 13:20:03.645,1.2323757
2021-05-04 13:20:03.685,1.2326866
2021-05-04 13:20:03.726,1.2329682
2021-05-04 13:20:03.766,1.2328484
2021-05-04 13:20:03.807,1.2326194
2021-05-04 13:20:03.847,1.2325795
2021-05-04 13:20:03.888,1.2326951
2021-05-04 13:20:03.930,1.2327728
2021-05-04 13:20:03.971,1.2327371
2021-05-04 13:20:04.011,1.2328379
2021-05-04 13:20:04.052,1.2328442
2021-05-04 13:20:04.093,1.2326593
2021-05-04 13:20:04.134,1.2323441
2021-05-04 13:20:04.174,1.2318482
2021-05-04 13:20:04.214,1.2313734
2021-05-04 13:20:04.254,1.2312662
2021-05-04 13:20:04.295,1.2315499
2021-05-04 13:20:04.336,1.2319596
2021-05-04 13:20:04.376,1.232195
2021-05-04 13:20:04.417,1.2320395
2021-05-04 13:20:04.458,1.2315898
2021-05-04 13:20:04.499,1.2311758
2021-05-04 13:20:04.540,1.2311506
2021-05-04 13:20:04.581,1.2311969
2021-05-04 13:20:04.621,1.2312158
2021-05-04 13:20:04.662,1.2314847
2021-05-04 13:20:04.703,1.2319722
2021-05-04 13:20:04.743,1.2325249
2021-05-04 13:20:04.784,1.2328863
2021-05-04 13:20:04.824,1.2329493
2021-05-04 13:20:04.864,1.2326593
2021-05-04 13:20:04.904,1.2321992
2021-05-04 13:20:04.945,1.2319659
2021-05-04 13:20:04.986,1.2319071
2021-05-04 13:20:05.027,1.231905
2021-05-04 13:20:05.068,1.2319071
2021-05-04 13:20:05.109,1.2318798
2021-05-04 13:20:05.150,1.2318209
2021-05-04 13:20:05.191,1.2317915
2021-05-04 13:20:05.232,1.2317663
2021-05-04 13:20:05.273,1.2320163
2021-05-04 13:20:05.313,1.232487
2021-05-04 13:20:05.353,1.2329094
2021-05-04 13:20:05.394,1.2331069
2021-05-04 13:20:05.434,1.2330838
2021-05-04 13:20:05.475,1.2330649
2021-05-04 13:20:05.516,1.2330292
2021-05-04 13:20:05.557,1.2330376
2021-05-04 13:20:05.598,1.2332036
2021-05-04 13:20:05.639,1.2336028
2021-05-04 13:20:05.679,1.2340945
2021-05-04 13:20:05.720,1.2341575
2021-05-04 13:20:05.760,1.2337877
2021-05-04 13:20:05.801,1.2333885
2021-05-04 13:20:05.842,1.2333338
2021-05-04 13:20:05.883,1.2332141
2021-05-04 13:20:05.923,1.2327959
2021-05-04 13:20:05.963,1.2323084
2021-05-04 13:20:06.004,1.2319974
2021-05-04 13:20:06.044,1.2319281
2021-05-04 13:20:06.084,1.2318588
2021-05-04 13:20:06.124,1.2318735
2021-05-04 13:20:06.165,1.2321277
2021-05-04 13:20:06.206,1.2322979
2021-05-04 13:20:06.247,1.2322202
2021-05-04 13:20:06.288,1.2323294
2021-05-04 13:20:06.329,1.2325606
2021-05-04 13:20:06.370,1.2327581
2021-05-04 13:20:06.411,1.2326425
2021-05-04 13:20:06.451,1.2324912
2021-05-04 13:20:06.492,1.2325354
2021-05-04 13:20:06.532,1.2325459
2021-05-04 13:20:06.573,1.2323357
2021-05-04 13:20:06.613,1.2318503
2021-05-04 13:20:06.653,1.231304
2021-05-04 13:20:06.694,1.2306652
2021-05-04 13:20:06.734,1.2300559
2021-05-04 13:20:06.775,1.2295579
2021-05-04 13:20:06.815,1.229373
2021-05-04 13:20:06.856,1.2295453
2021-05-04 13:20:06.896,1.2297659
2021-05-04 13:20:06.937,1.2299676
2021-05-04 13:20:06.978,1.2302618
2021-05-04 13:20:07.019,1.2306253
2021-05-04 13:20:07.059,1.2308712
2021-05-04 13:20:07.099,1.2310267
2021-05-04 13:20:07.139,1.2310624
2021-05-04 13:20:07.179,1.2308018
2021-05-04 13:20:07.220,1.2304362
2021-05-04 13:20:07.260,1.2302114
2021-05-04 13:20:07.301,1.23035
2021-05-04 13:20:07.342,1.2307913
2021-05-04 13:20:07.383,1.2311716
2021-05-04 13:20:07.423,1.2312326
2021-05-04 13:20:07.464,1.2311422
2021-05-04 13:20:07.505,1.2312956
2021-05-04 13:20:07.546,1.231678
2021-05-04 13:20:07.586,1.2318356
2021-05-04 13:20:07.626,1.2318083
2021-05-04 13:20:07.666,1.2318167
2021-05-04 13:20:07.706,1.2318609
2021-05-04 13:20:07.746,1.2319491
2021-05-04 13:20:07.787,1.2321088
2021-05-04 13:20:07.828,1.2322706
2021-05-04 13:20:07.868,1.2323483
2021-05-04 13:20:07.909,1.2322958
2021-05-04 13:20:07.950,1.2321298
2021-05-04 13:20:07.991,1.2318714
2021-05-04 13:20:08.031,1.231657
2021-05-04 13:20:08.072,1.231657
2021-05-04 13:20:08.113,1.2317474
2021-05-04 13:20:08.154,1.2317978
2021-05-04 13:20:08.194,1.2319008
2021-05-04 13:20:08.234,1.2320647
2021-05-04 13:20:08.275,1.2320731
2021-05-04 13:20:08.315,1.2318125
2021-05-04 13:20:08.355,1.2315162
2021-05-04 13:20:08.395,1.2314343
2021-05-04 13:20:08.436,1.2315078
2021-05-04 13:20:08.477,1.2316108
2021-05-04 13:20:08.518,1.2316864
2021-05-04 13:20:08.560,1.2316949
2021-05-04 13:20:08.601,1.2316087
2021-05-04 13:20:08.641,1.2316297
2021-05-04 13:20:08.682,1.2317306
2021-05-04 13:20:08.722,1.2317075
2021-05-04 13:20:08.762,1.2314931
2021-05-04 13:20:08.802,1.2311779
2021-05-04 13:20:08.842,1.2309783
2021-05-04 13:20:08.883,1.2308312
2021-05-04 13:20:08.924,1.2308691
2021-05-04 13:20:08.965,1.2311233
2021-05-04 13:20:09.005,1.2315099
2021-05-04 13:20:09.046,1.2318735
2021-05-04 13:20:09.086,1.2320563
2021-05-04 13:20:09.127,1.2321172
2021-05-04 13:20:09.168,1.2321487
2021-05-04 13:20:09.209,1.2321613
2021-05-04 13:20:09.249,1.2320668
2021-05-04 13:20:09.291,1.2321739
2021-05-04 13:20:09.331,1.2325879
2021-05-04 13:20:09.371,1.2328842
2021-05-04 13:20:09.412,1.2329514
2021-05-04 13:20:09.452,1.232735
2021-05-04 13:20:09.492,1.2321319
2021-05-04 13:20:09.533,1.2312305
2021-05-04 13:20:09.574,1.2303185
2021-05-04 13:20:09.615,1.2299571
2021-05-04 13:20:09.656,1.2300853
2021-05-04 13:20:09.698,1.2304404
2021-05-04 13:20:09.738,1.2305812
2021-05-04 13:20:09.779,1.2306862
2021-05-04 13:20:09.820,1.2310582
2021-05-04 13:20:09.860,1.2313755
2021-05-04 13:20:09.901,1.2315667
2021-05-04 13:20:09.942,1.2315835
2021-05-04 13:20:09.982,1.2315289
2021-05-04 13:20:10.023,1.2313587
2021-05-04 13:20:10.063,1.231117
2021-05-04 13:20:10.104,1.2308691
2021-05-04 13:20:10.145,1.2305812
2021-05-04 13:20:10.186,1.2302303
2021-05-04 13:20:10.226,1.2299487
2021-05-04 13:20:10.267,1.2299445
2021-05-04 13:20:10.308,1.2303101
2021-05-04 13:20:10.349,1.2308922
2021-05-04 13:20:10.389,1.2313124
2021-05-04 13:20:10.430,1.2315583
2021-05-04 13:20:10.471,1.2315835
2021-05-04 13:20:10.511,1.2314049
2021-05-04 13:20:10.551,1.2312683
2021-05-04 13:20:10.591,1.2312935
2021-05-04 13:20:10.632,1.2314868
2021-05-04 13:20:10.672,1.2316045
2021-05-04 13:20:10.713,1.2315667
2021-05-04 13:20:10.753,1.2312431
2021-05-04 13:20:10.794,1.2309069
2021-05-04 13:20:10.836,1.2308943
2021-05-04 13:20:10.877,1.2310939
2021-05-04 13:20:10.918,1.2310918
2021-05-04 13:20:10.958,1.2309783
2021-05-04 13:20:10.999,1.2309258
2021-05-04 13:20:11.040,1.2309384
2021-05-04 13:20:11.080,1.2310939
2021-05-04 13:20:11.120,1.231283
2021-05-04 13:20:11.160,1.2314217
2021-05-04 13:20:11.201,1.2314427
2021-05-04 13:20:11.242,1.2313797
2021-05-04 13:20:11.283,1.2315247
2021-05-04 13:20:11.324,1.2319722
2021-05-04 13:20:11.365,1.2325501
2021-05-04 13:20:11.405,1.2331363
2021-05-04 13:20:11.446,1.2334809
2021-05-04 13:20:11.487,1.2333128
2021-05-04 13:20:11.528,1.2328484
2021-05-04 13:20:11.568,1.2323673
2021-05-04 13:20:11.610,1.2320121
2021-05-04 13:20:11.651,1.2319554
2021-05-04 13:20:11.691,1.2318314
2021-05-04 13:20:11.731,1.2315709
2021-05-04 13:20:11.771,1.2313608
2021-05-04 13:20:11.812,1.2312284
2021-05-04 13:20:11.852,1.231014
2021-05-04 13:20:11.893,1.230827
2021-05-04 13:20:11.934,1.2307514
2021-05-04 13:20:11.975,1.2305938
2021-05-04 13:20:12.016,1.2305413
2021-05-04 13:20:12.057,1.2306358
2021-05-04 13:20:12.097,1.2307388
2021-05-04 13:20:12.138,1.2310035
2021-05-04 13:20:12.179,1.2311296
2021-05-04 13:20:12.220,1.2311611
2021-05-04 13:20:12.260,1.2312158
2021-05-04 13:20:12.300,1.2311569
2021-05-04 13:20:12.340,1.2309174
2021-05-04 13:20:12.381,1.2306841
2021-05-04 13:20:12.422,1.2305434
2021-05-04 13:20:12.462,1.2307367
2021-05-04 13:20:12.503,1.2310813
2021-05-04 13:20:12.543,1.2312578
2021-05-04 13:20:12.584,1.2314343
2021-05-04 13:20:12.624,1.2315709
2021-05-04 13:20:12.665,1.2315015
2021-05-04 13:20:12.706,1.2314511
2021-05-04 13:20:12.747,1.2315751
2021-05-04 13:20:12.788,1.2317159
2021-05-04 13:20:12.828,1.2318272
2021-05-04 13:20:12.868,1.2321067
2021-05-04 13:20:12.908,1.2323294
2021-05-04 13:20:12.949,1.2326257
2021-05-04 13:20:12.989,1.2330376
2021-05-04 13:20:13.030,1.2332645
2021-05-04 13:20:13.070,1.2332141
2021-05-04 13:20:13.111,1.2329871
2021-05-04 13:20:13.152,1.232674
2021-05-04 13:20:13.193,1.2322979
2021-05-04 13:20:13.233,1.2319953
2021-05-04 13:20:13.274,1.2317831
2021-05-04 13:20:13.315,1.2317306
2021-05-04 13:20:13.356,1.2319386
2021-05-04 13:20:13.396,1.2321172
2021-05-04 13:20:13.436,1.2321004
2021-05-04 13:20:13.476,1.232092
2021-05-04 13:20:13.517,1.2323315
2021-05-04 13:20:13.557,1.2325606
2021-05-04 13:20:13.597,1.2326404
2021-05-04 13:20:13.638,1.2324681
2021-05-04 13:20:13.678,1.2320542
2021-05-04 13:20:13.719,1.2317033
2021-05-04 13:20:13.760,1.2316024
2021-05-04 13:20:13.801,1.2316759
2021-05-04 13:20:13.842,1.2318588
2021-05-04 13:20:13.883,1.2321634
2021-05-04 13:20:13.925,1.2324912
2021-05-04 13:20:13.965,1.2328968
2021-05-04 13:20:14.005,1.2335524
2021-05-04 13:20:14.045,1.2340525
2021-05-04 13:20:14.085,1.234292
2021-05-04 13:20:14.126,1.2342059
2021-05-04 13:20:14.167,1.2337037
2021-05-04 13:20:14.207,1.2331111
2021-05-04 13:20:14.248,1.232819
2021-05-04 13:20:14.289,1.2328358
2021-05-04 13:20:14.330,1.2328106
2021-05-04 13:20:14.370,1.232466
2021-05-04 13:20:14.411,1.2320016
2021-05-04 13:20:14.452,1.2316675
2021-05-04 13:20:14.493,1.2315499
2021-05-04 13:20:14.533,1.2314196
2021-05-04 13:20:14.573,1.231407
2021-05-04 13:20:14.614,1.2317075
2021-05-04 13:20:14.654,1.2318924
2021-05-04 13:20:14.695,1.2317369
2021-05-04 13:20:14.735,1.2312914
2021-05-04 13:20:14.776,1.2308312
2021-05-04 13:20:14.816,1.2306947
2021-05-04 13:20:14.857,1.2308796
2021-05-04 13:20:14.897,1.2312116
2021-05-04 13:20:14.938,1.2315646
2021-05-04 13:20:14.979,1.2319344
2021-05-04 13:20:15.020,1.2320121
2021-05-04 13:20:15.061,1.231823
2021-05-04 13:20:15.101,1.2314721
2021-05-04 13:20:15.142,1.2311338
2021-05-04 13:20:15.182,1.230806
2021-05-04 13:20:15.222,1.2304761
2021-05-04 13:20:15.262,1.2303732
2021-05-04 13:20:15.303,1.2306778
2021-05-04 13:20:15.343,1.2312158
2021-05-04 13:20:15.384,1.2319554
2021-05-04 13:20:15.424,1.2327518
2021-05-04 13:20:15.465,1.2332267
2021-05-04 13:20:15.506,1.2333654
2021-05-04 13:20:15.547,1.2331615
2021-05-04 13:20:15.587,1.2327098
2021-05-04 13:20:15.628,1.2322244
2021-05-04 13:20:15.669,1.2319365
2021-05-04 13:20:15.709,1.2317726
2021-05-04 13:20:15.750,1.231697
2021-05-04 13:20:15.790,1.2318567
2021-05-04 13:20:15.831,1.2319491
2021-05-04 13:20:15.872,1.2318503
2021-05-04 13:20:15.913,1.231531
2021-05-04 13:20:15.953,1.2312767
2021-05-04 13:20:15.994,1.2312851
2021-05-04 13:20:16.035,1.2314112
2021-05-04 13:20:16.076,1.2316528
2021-05-04 13:20:16.116,1.2319239
2021-05-04 13:20:16.157,1.2320079
2021-05-04 13:20:16.197,1.2317432
2021-05-04 13:20:16.238,1.2315057
2021-05-04 13:20:16.279,1.2315772
2021-05-04 13:20:16.319,1.2319722
2021-05-04 13:20:16.359,1.2325522
2021-05-04 13:20:16.399,1.232901
2021-05-04 13:20:16.440,1.2329724
2021-05-04 13:20:16.480,1.2329787
2021-05-04 13:20:16.521,1.2329808
2021-05-04 13:20:16.562,1.233006
2021-05-04 13:20:16.603,1.23284
2021-05-04 13:20:16.644,1.2324471
2021-05-04 13:20:16.685,1.2319344
2021-05-04 13:20:16.726,1.2312452
2021-05-04 13:20:16.767,1.2308838
2021-05-04 13:20:16.808,1.230806
2021-05-04 13:20:16.848,1.230806
2021-05-04 13:20:16.888,1.2307514
2021-05-04 13:20:16.928,1.2306442
2021-05-04 13:20:16.968,1.2305917
2021-05-04 13:20:17.009,1.2306547
2021-05-04 13:20:17.050,1.2306968
2021-05-04 13:20:17.091,1.2308144
2021-05-04 13:20:17.131,1.2307976
2021-05-04 13:20:17.172,1.2305202
2021-05-04 13:20:17.213,1.2303816
2021-05-04 13:20:17.253,1.2304719
2021-05-04 13:20:17.294,1.2305371
2021-05-04 13:20:17.335,1.2304719
2021-05-04 13:20:17.376,1.230432
2021-05-04 13:20:17.417,1.230495
2021-05-04 13:20:17.457,1.230764
2021-05-04 13:20:17.497,1.2309846
2021-05-04 13:20:17.537,1.2309237
2021-05-04 13:20:17.577,1.2305623
2021-05-04 13:20:17.617,1.2300391
2021-05-04 13:20:17.658,1.2295747
2021-05-04 13:20:17.699,1.2294024
2021-05-04 13:20:17.740,1.2295915
2021-05-04 13:20:17.781,1.2301231
2021-05-04 13:20:17.822,1.2307661
2021-05-04 13:20:17.862,1.2314616
2021-05-04 13:20:17.903,1.2319869
2021-05-04 13:20:17.944,1.2322979
2021-05-04 13:20:17.985,1.2323946
2021-05-04 13:20:18.025,1.2323252
2021-05-04 13:20:18.065,1.2323673
2021-05-04 13:20:18.105,1.2322097
2021-05-04 13:20:18.146,1.2317936
2021-05-04 13:20:18.187,1.2316171
2021-05-04 13:20:18.227,1.231718
2021-05-04 13:20:18.267,1.2317054
2021-05-04 13:20:18.307,1.2314532
2021-05-04 13:20:18.348,1.2312431
2021-05-04 13:20:18.388,1.2312935
2021-05-04 13:20:18.429,1.2315373
2021-05-04 13:20:18.470,1.2318335
2021-05-04 13:20:18.511,1.2319575
2021-05-04 13:20:18.551,1.2318167
2021-05-04 13:20:18.591,1.2317642
2021-05-04 13:20:18.631,1.231823
2021-05-04 13:20:18.671,1.2318735
2021-05-04 13:20:18.712,1.2319827
2021-05-04 13:20:18.752,1.2321172
2021-05-04 13:20:18.793,1.2321445
2021-05-04 13:20:18.834,1.232176
2021-05-04 13:20:18.875,1.2321487
2021-05-04 13:20:18.917,1.2320731
2021-05-04 13:20:18.958,1.2320184
2021-05-04 13:20:18.999,1.2319722
2021-05-04 13:20:19.040,1.2320668
2021-05-04 13:20:19.081,1.232237
2021-05-04 13:20:19.121,1.232279
2021-05-04 13:20:19.162,1.2321487
2021-05-04 13:20:19.202,1.2318335
2021-05-04 13:20:19.241,1.2314343
2021-05-04 13:20:19.282,1.2312011
2021-05-04 13:20:19.323,1.2312683
2021-05-04 13:20:19.363,1.2313418
2021-05-04 13:20:19.404,1.2312368
2021-05-04 13:20:19.445,1.2310729
2021-05-04 13:20:19.486,1.2309888
2021-05-04 13:20:19.526,1.2310035
2021-05-04 13:20:19.567,1.2310666
2021-05-04 13:20:19.608,1.2312116
2021-05-04 13:20:19.649,1.2313902
2021-05-04 13:20:19.690,1.2316549
2021-05-04 13:20:19.731,1.2319932
2021-05-04 13:20:19.771,1.2323315
2021-05-04 13:20:19.811,1.2326341
2021-05-04 13:20:19.851,1.2328547
2021-05-04 13:20:19.892,1.233025
2021-05-04 13:20:19.932,1.2330943
2021-05-04 13:20:19.973,1.2331006
2021-05-04 13:20:20.014,1.2330207
2021-05-04 13:20:20.055,1.2326047
2021-05-04 13:20:20.096,1.2321193
2021-05-04 13:20:20.137,1.2317537
2021-05-04 13:20:20.177,1.2315709
2021-05-04 13:20:20.218,1.2314658
2021-05-04 13:20:20.258,1.2314784
2021-05-04 13:20:20.299,1.2315856
2021-05-04 13:20:20.339,1.2316843
2021-05-04 13:20:20.379,1.2315331
2021-05-04 13:20:20.419,1.2310414
2021-05-04 13:20:20.460,1.2305854
2021-05-04 13:20:20.501,1.2303584
2021-05-04 13:20:20.542,1.2302576
2021-05-04 13:20:20.583,1.2302912
2021-05-04 13:20:20.623,1.2304467
2021-05-04 13:20:20.664,1.2306589
2021-05-04 13:20:20.705,1.2309552
2021-05-04 13:20:20.746,1.231325
2021-05-04 13:20:20.787,1.2315688
2021-05-04 13:20:20.828,1.2316843
2021-05-04 13:20:20.868,1.2317621
2021-05-04 13:20:20.908,1.2317348
2021-05-04 13:20:20.948,1.231594
2021-05-04 13:20:20.988,1.2314133
2021-05-04 13:20:21.028,1.2312599
2021-05-04 13:20:21.068,1.2311296
2021-05-04 13:20:21.109,1.2310792
2021-05-04 13:20:21.149,1.2310119
2021-05-04 13:20:21.190,1.2310098
2021-05-04 13:20:21.231,1.2310077
2021-05-04 13:20:21.273,1.2310855
2021-05-04 13:20:21.314,1.2312179
2021-05-04 13:20:21.355,1.2312515
2021-05-04 13:20:21.395,1.2312494
2021-05-04 13:20:21.436,1.231428
2021-05-04 13:20:21.476,1.2316255
2021-05-04 13:20:21.516,1.2318377
2021-05-04 13:20:21.556,1.2320058
2021-05-04 13:20:21.596,1.2320584
2021-05-04 13:20:21.638,1.2321508
2021-05-04 13:20:21.678,1.2323399
2021-05-04 13:20:21.719,1.2325206
2021-05-04 13:20:21.759,1.2326173
2021-05-04 13:20:21.800,1.2326572
2021-05-04 13:20:21.840,1.2326656
2021-05-04 13:20:21.881,1.2326089
2021-05-04 13:20:21.922,1.2323862
2021-05-04 13:20:21.963,1.2323462
2021-05-04 13:20:22.003,1.2326446
2021-05-04 13:20:22.044,1.2329955
2021-05-04 13:20:22.084,1.2330565
2021-05-04 13:20:22.124,1.232756
2021-05-04 13:20:22.164,1.2323883
2021-05-04 13:20:22.205,1.2319407
2021-05-04 13:20:22.246,1.2312683
2021-05-04 13:20:22.286,1.2306232
2021-05-04 13:20:22.327,1.2302198
2021-05-04 13:20:22.368,1.2302849
2021-05-04 13:20:22.409,1.2309237
2021-05-04 13:20:22.449,1.2316885
2021-05-04 13:20:22.490,1.2322391
2021-05-04 13:20:22.530,1.2322139
2021-05-04 13:20:22.571,1.2318314
2021-05-04 13:20:22.611,1.2314679
2021-05-04 13:20:22.651,1.2312935
2021-05-04 13:20:22.692,1.231386
2021-05-04 13:20:22.732,1.231491
2021-05-04 13:20:22.772,1.2313965
2021-05-04 13:20:22.813,1.2312914
2021-05-04 13:20:22.854,1.2311044
2021-05-04 13:20:22.894,1.2307913
2021-05-04 13:20:22.935,1.2304929
2021-05-04 13:20:22.976,1.2303774
2021-05-04 13:20:23.017,1.2306736
2021-05-04 13:20:23.058,1.2311464
2021-05-04 13:20:23.099,1.2314448
2021-05-04 13:20:23.139,1.2313776
2021-05-04 13:20:23.180,1.2311443
2021-05-04 13:20:23.221,1.2310729
2021-05-04 13:20:23.261,1.2312242
2021-05-04 13:20:23.301,1.2313355
2021-05-04 13:20:23.341,1.2312452
2021-05-04 13:20:23.382,1.2311191
2021-05-04 13:20:23.423,1.2310666
2021-05-04 13:20:23.464,1.2311506
2021-05-04 13:20:23.504,1.2313124
2021-05-04 13:20:23.545,1.2314847
2021-05-04 13:20:23.587,1.231636
2021-05-04 13:20:23.628,1.231636
2021-05-04 13:20:23.669,1.23147
2021-05-04 13:20:23.710,1.2312704
2021-05-04 13:20:23.750,1.2312221
2021-05-04 13:20:23.790,1.2313103
2021-05-04 13:20:23.831,1.2314658
2021-05-04 13:20:23.871,1.2318903
2021-05-04 13:20:23.912,1.2323189
2021-05-04 13:20:23.953,1.2323084
2021-05-04 13:20:23.994,1.2319869
2021-05-04 13:20:24.035,1.2317222
2021-05-04 13:20:24.076,1.2315099
2021-05-04 13:20:24.116,1.2313713
2021-05-04 13:20:24.157,1.2313629
2021-05-04 13:20:24.198,1.2312872
2021-05-04 13:20:24.239,1.2310561
2021-05-04 13:20:24.279,1.2306968
2021-05-04 13:20:24.320,1.2304845
2021-05-04 13:20:24.361,1.2304908
2021-05-04 13:20:24.401,1.2305013
2021-05-04 13:20:24.442,1.2304614
2021-05-04 13:20:24.482,1.2304488
2021-05-04 13:20:24.522,1.2306169
2021-05-04 13:20:24.562,1.2309342
2021-05-04 13:20:24.603,1.2311969
2021-05-04 13:20:24.643,1.2312851
2021-05-04 13:20:24.684,1.2314007
2021-05-04 13:20:24.726,1.2316339
2021-05-04 13:20:24.767,1.2318083
2021-05-04 13:20:24.807,1.231718
2021-05-04 13:20:24.848,1.2312263
2021-05-04 13:20:24.888,1.230661
2021-05-04 13:20:24.929,1.2302975
2021-05-04 13:20:24.969,1.2301504
2021-05-04 13:20:25.009,1.2302324
2021-05-04 13:20:25.049,1.2305013
2021-05-04 13:20:25.091,1.230867
2021-05-04 13:20:25.132,1.2312515
2021-05-04 13:20:25.172,1.2314763
2021-05-04 13:20:25.213,1.2317012
2021-05-04 13:20:25.253,1.231823
2021-05-04 13:20:25.294,1.231678
2021-05-04 13:20:25.335,1.2312347
2021-05-04 13:20:25.376,1.2306547
2021-05-04 13:20:25.417,1.2305076
2021-05-04 13:20:25.458,1.2308438
2021-05-04 13:20:25.499,1.2311821
2021-05-04 13:20:25.539,1.2314322
2021-05-04 13:20:25.579,1.2315289
2021-05-04 13:20:25.619,1.2315162
2021-05-04 13:20:25.660,1.2317621
2021-05-04 13:20:25.701,1.2325585
2021-05-04 13:20:25.742,1.2335356
2021-05-04 13:20:25.782,1.234229
2021-05-04 13:20:25.823,1.2342962
2021-05-04 13:20:25.864,1.2339159
2021-05-04 13:20:25.905,1.2334809
2021-05-04 13:20:25.945,1.2331153
2021-05-04 13:20:25.986,1.2328863
2021-05-04 13:20:26.026,1.2328127
2021-05-04 13:20:26.067,1.2326509
2021-05-04 13:20:26.107,1.2322895
2021-05-04 13:20:26.147,1.2319743
2021-05-04 13:20:26.188,1.2317558
2021-05-04 13:20:26.229,1.2313776
2021-05-04 13:20:26.270,1.230827
2021-05-04 13:20:26.311,1.2305392
2021-05-04 13:20:26.352,1.2306862
2021-05-04 13:20:26.393,1.2309741
2021-05-04 13:20:26.434,1.2311464
2021-05-04 13:20:26.474,1.2311674
2021-05-04 13:20:26.515,1.2312599
2021-05-04 13:20:26.556,1.2316696
2021-05-04 13:20:26.597,1.2323189
2021-05-04 13:20:26.638,1.2328085
2021-05-04 13:20:26.679,1.2329682
2021-05-04 13:20:26.719,1.2328653
2021-05-04 13:20:26.759,1.2325543
2021-05-04 13:20:26.800,1.2320689
2021-05-04 13:20:26.840,1.2316045
2021-05-04 13:20:26.881,1.2311863
2021-05-04 13:20:26.922,1.2306989
2021-05-04 13:20:26.963,1.2304887
2021-05-04 13:20:27.004,1.2306442
2021-05-04 13:20:27.045,1.2309846
2021-05-04 13:20:27.086,1.2313797
2021-05-04 13:20:27.127,1.2317264
2021-05-04 13:20:27.167,1.2320037
2021-05-04 13:20:27.208,1.2319323
2021-05-04 13:20:27.248,1.2315289
2021-05-04 13:20:27.288,1.2311149
2021-05-04 13:20:27.328,1.2309447
2021-05-04 13:20:27.368,1.2309972
2021-05-04 13:20:27.409,1.2310708
2021-05-04 13:20:27.449,1.2311611
2021-05-04 13:20:27.490,1.2314238
2021-05-04 13:20:27.531,1.2316528
2021-05-04 13:20:27.572,1.231781
2021-05-04 13:20:27.613,1.2319323
2021-05-04 13:20:27.654,1.2320668
2021-05-04 13:20:27.694,1.232092
2021-05-04 13:20:27.735,1.2318524
2021-05-04 13:20:27.777,1.2314889
2021-05-04 13:20:27.818,1.231096
2021-05-04 13:20:27.858,1.2308522
2021-05-04 13:20:27.898,1.2308354
2021-05-04 13:20:27.938,1.2311905
2021-05-04 13:20:27.979,1.231823
2021-05-04 13:20:28.019,1.232321
2021-05-04 13:20:28.060,1.2323315
2021-05-04 13:20:28.101,1.2318882
2021-05-04 13:20:28.142,1.2313965
2021-05-04 13:20:28.184,1.2311086
2021-05-04 13:20:28.225,1.2310666
2021-05-04 13:20:28.266,1.2311485
2021-05-04 13:20:28.306,1.231117
2021-05-04 13:20:28.347,1.230909
2021-05-04 13:20:28.388,1.2306022
2021-05-04 13:20:28.429,1.2302996
2021-05-04 13:20:28.469,1.2304446
2021-05-04 13:20:28.509,1.2310014
2021-05-04 13:20:28.550,1.2315919
2021-05-04 13:20:28.591,1.2319407
2021-05-04 13:20:28.631,1.231947
2021-05-04 13:20:28.672,1.231863
2021-05-04 13:20:28.713,1.2317285
2021-05-04 13:20:28.754,1.23147
2021-05-04 13:20:28.794,1.2315373
2021-05-04 13:20:28.835,1.2318419
2021-05-04 13:20:28.876,1.2323063
2021-05-04 13:20:28.917,1.2325879
2021-05-04 13:20:28.958,1.2325375
2021-05-04 13:20:28.999,1.2323883
2021-05-04 13:20:29.040,1.2325501
2021-05-04 13:20:29.080,1.2325984
2021-05-04 13:20:29.120,1.2321865
2021-05-04 13:20:29.160,1.2317201
2021-05-04 13:20:29.200,1.2312893
2021-05-04 13:20:29.240,1.2311969
2021-05-04 13:20:29.282,1.2312977
2021-05-04 13:20:29.323,1.2312557
2021-05-04 13:20:29.364,1.2309384
2021-05-04 13:20:29.404,1.2304341
2021-05-04 13:20:29.445,1.2301336
2021-05-04 13:20:29.485,1.2302534
2021-05-04 13:20:29.526,1.2306484
2021-05-04 13:20:29.567,1.2310098
2021-05-04 13:20:29.607,1.2310687
2021-05-04 13:20:29.648,1.2308859
2021-05-04 13:20:29.688,1.2307283
2021-05-04 13:20:29.729,1.2307304
2021-05-04 13:20:29.769,1.2309111
2021-05-04 13:20:29.810,1.2313019
2021-05-04 13:20:29.850,1.2317306
2021-05-04 13:20:29.891,1.2322979
2021-05-04 13:20:29.931,1.2330985
2021-05-04 13:20:29.972,1.2338339
2021-05-04 13:20:30.012,1.2341891
2021-05-04 13:20:30.053,1.234126
2021-05-04 13:20:30.095,1.2338024
2021-05-04 13:20:30.136,1.2334494
2021-05-04 13:20:30.177,1.2332057
2021-05-04 13:20:30.217,1.2330733
2021-05-04 13:20:30.258,1.2328106
2021-05-04 13:20:30.298,1.2326257
2021-05-04 13:20:30.338,1.2328274
2021-05-04 13:20:30.378,1.2331657
2021-05-04 13:20:30.419,1.2331994
2021-05-04 13:20:30.459,1.2329892
2021-05-04 13:20:30.500,1.232798
2021-05-04 13:20:30.541,1.2328421
2021-05-04 13:20:30.582,1.2329514
2021-05-04 13:20:30.622,1.2328989
2021-05-04 13:20:30.663,1.2329073
2021-05-04 13:20:30.703,1.2330691
2021-05-04 13:20:30.744,1.2331615
2021-05-04 13:20:30.784,1.2330607
2021-05-04 13:20:30.824,1.2329451
2021-05-04 13:20:30.866,1.2330271
2021-05-04 13:20:30.906,1.23313
2021-05-04 13:20:30.947,1.2331111
2021-05-04 13:20:30.987,1.2329913
2021-05-04 13:20:31.027,1.2327854
2021-05-04 13:20:31.068,1.2326236
2021-05-04 13:20:31.109,1.2323799
2021-05-04 13:20:31.149,1.2320058
2021-05-04 13:20:31.190,1.231678
2021-05-04 13:20:31.231,1.231552
2021-05-04 13:20:31.272,1.2317726
2021-05-04 13:20:31.313,1.2322286
2021-05-04 13:20:31.353,1.2324828
2021-05-04 13:20:31.393,1.2323504
2021-05-04 13:20:31.433,1.232155
2021-05-04 13:20:31.473,1.2320899
2021-05-04 13:20:31.513,1.2322895
2021-05-04 13:20:31.554,1.2325732
2021-05-04 13:20:31.595,1.2327686
2021-05-04 13:20:31.636,1.2329094
2021-05-04 13:20:31.677,1.2327119
2021-05-04 13:20:31.718,1.2322496
2021-05-04 13:20:31.759,1.2316822
2021-05-04 13:20:31.800,1.2312263
2021-05-04 13:20:31.840,1.2310056
2021-05-04 13:20:31.881,1.2312179
2021-05-04 13:20:31.921,1.2316801
2021-05-04 13:20:31.961,1.2320016
2021-05-04 13:20:32.002,1.2323294
2021-05-04 13:20:32.043,1.2328085
2021-05-04 13:20:32.084,1.2330628
2021-05-04 13:20:32.124,1.232985
2021-05-04 13:20:32.165,1.2328611
2021-05-04 13:20:32.206,1.2326404
2021-05-04 13:20:32.246,1.2323862
2021-05-04 13:20:32.287,1.2322958
2021-05-04 13:20:32.328,1.2323273
2021-05-04 13:20:32.368,1.2323883
2021-05-04 13:20:32.410,1.233025
2021-05-04 13:20:32.451,1.2337394
2021-05-04 13:20:32.492,1.2341701
2021-05-04 13:20:32.532,1.2344601
2021-05-04 13:20:32.572,1.2345778
2021-05-04 13:20:32.612,1.2344685
2021-05-04 13:20:32.652,1.2340504
2021-05-04 13:20:32.693,1.23342
2021-05-04 13:20:32.733,1.2327476
2021-05-04 13:20:32.775,1.2322265
2021-05-04 13:20:32.816,1.2319743
2021-05-04 13:20:32.857,1.2319407
2021-05-04 13:20:32.898,1.2319953
2021-05-04 13:20:32.939,1.2319869
2021-05-04 13:20:32.979,1.2320395
2021-05-04 13:20:33.020,1.232071
2021-05-04 13:20:33.061,1.2320374
2021-05-04 13:20:33.101,1.2320374
2021-05-04 13:20:33.141,1.2320563
2021-05-04 13:20:33.182,1.2321844
2021-05-04 13:20:33.223,1.2323063
2021-05-04 13:20:33.263,1.2323568
2021-05-04 13:20:33.304,1.2323799
2021-05-04 13:20:33.344,1.232361
2021-05-04 13:20:33.385,1.2322475
2021-05-04 13:20:33.426,1.2322475
2021-05-04 13:20:33.467,1.2324702
2021-05-04 13:20:33.508,1.2326656
2021-05-04 13:20:33.549,1.2326614
2021-05-04 13:20:33.590,1.2323673
2021-05-04 13:20:33.631,1.2319827
2021-05-04 13:20:33.672,1.2315646
2021-05-04 13:20:33.712,1.2313881
2021-05-04 13:20:33.752,1.231594
2021-05-04 13:20:33.793,1.2317327
2021-05-04 13:20:33.833,1.2316024
2021-05-04 13:20:33.873,1.231346
2021-05-04 13:20:33.914,1.2311527
2021-05-04 13:20:33.955,1.2311758
2021-05-04 13:20:33.996,1.231386
2021-05-04 13:20:34.036,1.2317327
2021-05-04 13:20:34.077,1.2322097
2021-05-04 13:20:34.118,1.2326845
2021-05-04 13:20:34.159,1.2329283
2021-05-04 13:20:34.199,1.2331258
2021-05-04 13:20:34.240,1.2333443
2021-05-04 13:20:34.281,1.2334704
2021-05-04 13:20:34.322,1.2334704
2021-05-04 13:20:34.362,1.2332015
2021-05-04 13:20:34.403,1.2326719
2021-05-04 13:20:34.443,1.2318882
2021-05-04 13:20:34.483,1.231241
2021-05-04 13:20:34.524,1.2309468
2021-05-04 13:20:34.564,1.2310351
2021-05-04 13:20:34.605,1.2315204
2021-05-04 13:20:34.645,1.2321529
2021-05-04 13:20:34.686,1.232569
2021-05-04 13:20:34.728,1.2326593
2021-05-04 13:20:34.769,1.2326446
2021-05-04 13:20:34.809,1.2326951
2021-05-04 13:20:34.849,1.2327161
2021-05-04 13:20:34.889,1.2326236
2021-05-04 13:20:34.929,1.2325942
2021-05-04 13:20:34.970,1.2326677
2021-05-04 13:20:35.010,1.2327539
2021-05-04 13:20:35.051,1.2329073
2021-05-04 13:20:35.092,1.2332456
2021-05-04 13:20:35.133,1.2335545
2021-05-04 13:20:35.174,1.2337835
2021-05-04 13:20:35.215,1.2340167
2021-05-04 13:20:35.255,1.2341575
2021-05-04 13:20:35.296,1.2340609
2021-05-04 13:20:35.337,1.2339558
2021-05-04 13:20:35.378,1.2339873
2021-05-04 13:20:35.419,1.2339621
2021-05-04 13:20:35.459,1.233607
2021-05-04 13:20:35.500,1.233151
2021-05-04 13:20:35.541,1.2327602
2021-05-04 13:20:35.581,1.2324765
2021-05-04 13:20:35.621,1.2324618
2021-05-04 13:20:35.662,1.232653
2021-05-04 13:20:35.703,1.2327749
2021-05-04 13:20:35.744,1.2326866
2021-05-04 13:20:35.784,1.2325312
2021-05-04 13:20:35.825,1.2324408
2021-05-04 13:20:35.866,1.2325543
2021-05-04 13:20:35.907,1.2328653
2021-05-04 13:20:35.948,1.2331132
2021-05-04 13:20:35.989,1.2331762
2021-05-04 13:20:36.029,1.2330712
2021-05-04 13:20:36.069,1.2328127
2021-05-04 13:20:36.110,1.2325921
2021-05-04 13:20:36.150,1.2324639
2021-05-04 13:20:36.190,1.2323168
2021-05-04 13:20:36.231,1.2320983
2021-05-04 13:20:36.272,1.2319722
2021-05-04 13:20:36.312,1.2319386
2021-05-04 13:20:36.353,1.2319449
2021-05-04 13:20:36.393,1.2319806
2021-05-04 13:20:36.434,1.2321592
2021-05-04 13:20:36.475,1.2325375
2021-05-04 13:20:36.516,1.2328884
2021-05-04 13:20:36.557,1.2331237
2021-05-04 13:20:36.597,1.2332288
2021-05-04 13:20:36.638,1.23313
2021-05-04 13:20:36.678,1.232922
2021-05-04 13:20:36.719,1.2326824
2021-05-04 13:20:36.759,1.2326131
2021-05-04 13:20:36.799,1.2326593
2021-05-04 13:20:36.839,1.2328022
2021-05-04 13:20:36.880,1.2329199
2021-05-04 13:20:36.920,1.2327917
2021-05-04 13:20:36.961,1.2323799
2021-05-04 13:20:37.003,1.2318609
2021-05-04 13:20:37.044,1.2313818
2021-05-04 13:20:37.084,1.2310309
2021-05-04 13:20:37.126,1.2310309
2021-05-04 13:20:37.167,1.2312641
2021-05-04 13:20:37.207,1.2315415
2021-05-04 13:20:37.247,1.231739
2021-05-04 13:20:37.288,1.2319281
2021-05-04 13:20:37.328,1.2321676
2021-05-04 13:20:37.368,1.2322958
2021-05-04 13:20:37.409,1.2322769
2021-05-04 13:20:37.450,1.2322265
2021-05-04 13:20:37.491,1.2322538
2021-05-04 13:20:37.532,1.2324387
2021-05-04 13:20:37.572,1.2326446
2021-05-04 13:20:37.613,1.2328526
2021-05-04 13:20:37.654,1.233067
2021-05-04 13:20:37.695,1.2333065
2021-05-04 13:20:37.735,1.2335818
2021-05-04 13:20:37.776,1.2338234
2021-05-04 13:20:37.817,1.2339621
2021-05-04 13:20:37.857,1.2339117
2021-05-04 13:20:37.898,1.233815
2021-05-04 13:20:37.938,1.2337562
2021-05-04 13:20:37.979,1.2336784
2021-05-04 13:20:38.020,1.2336826
2021-05-04 13:20:38.060,1.2338297
2021-05-04 13:20:38.101,1.2338907
2021-05-04 13:20:38.142,1.2337058
2021-05-04 13:20:38.183,1.2334557
2021-05-04 13:20:38.224,1.2332456
2021-05-04 13:20:38.265,1.2330754
2021-05-04 13:20:38.306,1.2328737
2021-05-04 13:20:38.346,1.2327014
2021-05-04 13:20:38.387,1.232653
2021-05-04 13:20:38.427,1.2328001
2021-05-04 13:20:38.467,1.2332183
2021-05-04 13:20:38.508,1.2334746
2021-05-04 13:20:38.548,1.23342
2021-05-04 13:20:38.589,1.2333948
2021-05-04 13:20:38.630,1.2334683
2021-05-04 13:20:38.671,1.2335272
2021-05-04 13:20:38.711,1.2335166
2021-05-04 13:20:38.752,1.2333254
2021-05-04 13:20:38.793,1.2330481
2021-05-04 13:20:38.834,1.2329934
2021-05-04 13:20:38.875,1.2332687
2021-05-04 13:20:38.916,1.2335797
2021-05-04 13:20:38.956,1.2335629
2021-05-04 13:20:38.997,1.233357
2021-05-04 13:20:39.037,1.2332939
2021-05-04 13:20:39.077,1.2333527
2021-05-04 13:20:39.117,1.2333738
2021-05-04 13:20:39.158,1.2333906
2021-05-04 13:20:39.199,1.2334809
2021-05-04 13:20:39.240,1.2335818
2021-05-04 13:20:39.281,1.2334809
2021-05-04 13:20:39.322,1.2331174
2021-05-04 13:20:39.364,1.2326446
2021-05-04 13:20:39.405,1.232321
2021-05-04 13:20:39.446,1.2321655
2021-05-04 13:20:39.487,1.2321256
2021-05-04 13:20:39.528,1.2323147
2021-05-04 13:20:39.568,1.232569
2021-05-04 13:20:39.608,1.2328211
2021-05-04 13:20:39.648,1.2329745
2021-05-04 13:20:39.689,1.2330292
2021-05-04 13:20:39.730,1.2330838
2021-05-04 13:20:39.771,1.233233
2021-05-04 13:20:39.812,1.2334305
2021-05-04 13:20:39.853,1.2337415
2021-05-04 13:20:39.894,1.2338528
2021-05-04 13:20:39.935,1.2336742
2021-05-04 13:20:39.976,1.2333927
2021-05-04 13:20:40.016,1.233191
2021-05-04 13:20:40.057,1.2329493
2021-05-04 13:20:40.098,1.2325774
2021-05-04 13:20:40.140,1.2322034
2021-05-04 13:20:40.180,1.2319449
2021-05-04 13:20:40.220,1.2317978
2021-05-04 13:20:40.260,1.2318125
2021-05-04 13:20:40.300,1.2319323
2021-05-04 13:20:40.341,1.2320647
2021-05-04 13:20:40.381,1.2321655
2021-05-04 13:20:40.422,1.2322076
2021-05-04 13:20:40.462,1.2321424
2021-05-04 13:20:40.503,1.2321466
2021-05-04 13:20:40.545,1.2323294
2021-05-04 13:20:40.586,1.2328989
2021-05-04 13:20:40.626,1.233504
2021-05-04 13:20:40.667,1.2337331
2021-05-04 13:20:40.708,1.2335545
2021-05-04 13:20:40.749,1.2331931
2021-05-04 13:20:40.789,1.2327665
2021-05-04 13:20:40.829,1.2324387
2021-05-04 13:20:40.870,1.2323568
2021-05-04 13:20:40.911,1.2324492
2021-05-04 13:20:40.951,1.2325795
2021-05-04 13:20:40.991,1.2325438
2021-05-04 13:20:41.032,1.2323988
2021-05-04 13:20:41.073,1.2322265
2021-05-04 13:20:41.113,1.2321613
2021-05-04 13:20:41.153,1.2322853
2021-05-04 13:20:41.194,1.2325122
2021-05-04 13:20:41.235,1.2326362
2021-05-04 13:20:41.277,1.2326404
2021-05-04 13:20:41.317,1.2324702
2021-05-04 13:20:41.358,1.2322517
2021-05-04 13:20:41.398,1.2321971
2021-05-04 13:20:41.438,1.232216
2021-05-04 13:20:41.479,1.2322181
2021-05-04 13:20:41.519,1.2321697
2021-05-04 13:20:41.560,1.2321529
2021-05-04 13:20:41.600,1.2320899
2021-05-04 13:20:41.641,1.2319701
2021-05-04 13:20:41.682,1.2318903
2021-05-04 13:20:41.723,1.23201
2021-05-04 13:20:41.763,1.232176
2021-05-04 13:20:41.804,1.2322601
2021-05-04 13:20:41.845,1.2321908
2021-05-04 13:20:41.886,1.2320121
2021-05-04 13:20:41.926,1.23201
2021-05-04 13:20:41.966,1.2321403
2021-05-04 13:20:42.006,1.2324009
2021-05-04 13:20:42.047,1.2325816
2021-05-04 13:20:42.087,1.2325291
2021-05-04 13:20:42.127,1.2324135
2021-05-04 13:20:42.168,1.2322958
2021-05-04 13:20:42.209,1.2321781
2021-05-04 13:20:42.250,1.2321508
2021-05-04 13:20:42.290,1.2322265
2021-05-04 13:20:42.331,1.2322622
2021-05-04 13:20:42.371,1.2322706
2021-05-04 13:20:42.412,1.2323147
2021-05-04 13:20:42.453,1.2323252
2021-05-04 13:20:42.494,1.2322055
2021-05-04 13:20:42.534,1.2320752
2021-05-04 13:20:42.574,1.2320605
2021-05-04 13:20:42.614,1.232071
2021-05-04 13:20:42.654,1.2321214
2021-05-04 13:20:42.695,1.2322475
2021-05-04 13:20:42.735,1.2325059
2021-05-04 13:20:42.776,1.2328022
2021-05-04 13:20:42.817,1.2328926
2021-05-04 13:20:42.858,1.2327413
2021-05-04 13:20:42.898,1.2325312
2021-05-04 13:20:42.939,1.2322349
2021-05-04 13:20:42.980,1.2319911
2021-05-04 13:20:43.021,1.2319554
2021-05-04 13:20:43.061,1.2320521
2021-05-04 13:20:43.101,1.2321781
2021-05-04 13:20:43.142,1.2322097
2021-05-04 13:20:43.183,1.2321109
2021-05-04 13:20:43.224,1.2321382
2021-05-04 13:20:43.265,1.2321865
2021-05-04 13:20:43.306,1.2321676
2021-05-04 13:20:43.346,1.2322979
2021-05-04 13:20:43.387,1.2324723
2021-05-04 13:20:43.428,1.2323925
2021-05-04 13:20:43.469,1.2320437
2021-05-04 13:20:43.509,1.2317999
2021-05-04 13:20:43.550,1.2317348
2021-05-04 13:20:43.591,1.2319596
2021-05-04 13:20:43.633,1.2323273
2021-05-04 13:20:43.673,1.2326698
2021-05-04 13:20:43.713,1.2328779
2021-05-04 13:20:43.754,1.233088
2021-05-04 13:20:43.794,1.233357
2021-05-04 13:20:43.835,1.2335293
2021-05-04 13:20:43.875,1.2337205
2021-05-04 13:20:43.916,1.2339579
2021-05-04 13:20:43.957,1.2341848
2021-05-04 13:20:43.998,1.2341659
2021-05-04 13:20:44.039,1.2338676
2021-05-04 13:20:44.080,1.2335293
2021-05-04 13:20:44.120,1.2333212
2021-05-04 13:20:44.161,1.23288
2021-05-04 13:20:44.201,1.2324765
2021-05-04 13:20:44.242,1.2322286
2021-05-04 13:20:44.282,1.2320353
2021-05-04 13:20:44.322,1.2318945
2021-05-04 13:20:44.363,1.2316822
2021-05-04 13:20:44.403,1.2313587
2021-05-04 13:20:44.444,1.2310372
2021-05-04 13:20:44.484,1.2308943
2021-05-04 13:20:44.525,1.2308291
2021-05-04 13:20:44.566,1.2307451
2021-05-04 13:20:44.607,1.2305434
2021-05-04 13:20:44.647,1.2302177
2021-05-04 13:20:44.688,1.229892
2021-05-04 13:20:44.729,1.2298731
2021-05-04 13:20:44.771,1.2299445
2021-05-04 13:20:44.811,1.2299529
2021-05-04 13:20:44.851,1.2299088
2021-05-04 13:20:44.891,1.229955
2021-05-04 13:20:44.931,1.2302681
2021-05-04 13:20:44.972,1.2309741
2021-05-04 13:20:45.012,1.2319344
2021-05-04 13:20:45.053,1.2327119
2021-05-04 13:20:45.094,1.2330081
2021-05-04 13:20:45.136,1.2329682
2021-05-04 13:20:45.177,1.2328779
2021-05-04 13:20:45.218,1.2328947
2021-05-04 13:20:45.258,1.2328653
2021-05-04 13:20:45.299,1.232798
2021-05-04 13:20:45.340,1.2328905
2021-05-04 13:20:45.381,1.233067
2021-05-04 13:20:45.421,1.2332225
2021-05-04 13:20:45.461,1.2333422
2021-05-04 13:20:45.501,1.2332645
2021-05-04 13:20:45.542,1.2330754
2021-05-04 13:20:45.583,1.2330144
2021-05-04 13:20:45.623,1.2332309
2021-05-04 13:20:45.664,1.2334998
2021-05-04 13:20:45.704,1.2333906
2021-05-04 13:20:45.745,1.2328505
2021-05-04 13:20:45.786,1.2321361
2021-05-04 13:20:45.827,1.2314847
2021-05-04 13:20:45.868,1.2311506
2021-05-04 13:20:45.909,1.2310456
2021-05-04 13:20:45.950,1.2314049
2021-05-04 13:20:45.990,1.2322118
2021-05-04 13:20:46.030,1.2330397
2021-05-04 13:20:46.070,1.2335944
2021-05-04 13:20:46.110,1.2336574
2021-05-04 13:20:46.150,1.2333927
2021-05-04 13:20:46.190,1.2330102
2021-05-04 13:20:46.231,1.2325816
2021-05-04 13:20:46.272,1.2323357
2021-05-04 13:20:46.313,1.2322265
2021-05-04 13:20:46.354,1.232092
2021-05-04 13:20:46.395,1.2320689
2021-05-04 13:20:46.436,1.2322097
2021-05-04 13:20:46.477,1.23259
2021-05-04 13:20:46.517,1.233025
2021-05-04 13:20:46.557,1.2333086
2021-05-04 13:20:46.598,1.2334263
2021-05-04 13:20:46.638,1.2334893
2021-05-04 13:20:46.679,1.2334662
2021-05-04 13:20:46.719,1.2334515
2021-05-04 13:20:46.760,1.2333822
2021-05-04 13:20:46.800,1.2332204
2021-05-04 13:20:46.841,1.2331258
2021-05-04 13:20:46.881,1.2331321
2021-05-04 13:20:46.922,1.232943
2021-05-04 13:20:46.962,1.2323694
2021-05-04 13:20:47.003,1.2315562
2021-05-04 13:20:47.045,1.2309321
2021-05-04 13:20:47.086,1.2306421
2021-05-04 13:20:47.126,1.2306253
2021-05-04 13:20:47.166,1.2309069
2021-05-04 13:20:47.207,1.2313103
2021-05-04 13:20:47.247,1.2316402
2021-05-04 13:20:47.287,1.2319323
2021-05-04 13:20:47.327,1.2322937
2021-05-04 13:20:47.368,1.2325543
2021-05-04 13:20:47.409,1.2324555
2021-05-04 13:20:47.451,1.2322223
2021-05-04 13:20:47.491,1.2322685
2021-05-04 13:20:47.532,1.232424
2021-05-04 13:20:47.573,1.2324996
2021-05-04 13:20:47.614,1.2324345
2021-05-04 13:20:47.654,1.2321277
2021-05-04 13:20:47.694,1.2318714
2021-05-04 13:20:47.734,1.2319218
2021-05-04 13:20:47.774,1.2321235
2021-05-04 13:20:47.815,1.232403
2021-05-04 13:20:47.856,1.2326782
2021-05-04 13:20:47.896,1.2327182
2021-05-04 13:20:47.937,1.2326089
2021-05-04 13:20:47.978,1.2326509
2021-05-04 13:20:48.018,1.2328821
2021-05-04 13:20:48.059,1.23313
2021-05-04 13:20:48.099,1.2333591
2021-05-04 13:20:48.140,1.2334998
2021-05-04 13:20:48.180,1.2334137
2021-05-04 13:20:48.222,1.2329892
2021-05-04 13:20:48.263,1.2326719
2021-05-04 13:20:48.303,1.232487
2021-05-04 13:20:48.344,1.232279
2021-05-04 13:20:48.384,1.2321424
2021-05-04 13:20:48.425,1.2318693
2021-05-04 13:20:48.465,1.2315289
2021-05-04 13:20:48.506,1.2313713
2021-05-04 13:20:48.547,1.2313881
2021-05-04 13:20:48.588,1.2314406
2021-05-04 13:20:48.630,1.2313608
2021-05-04 13:20:48.671,1.2311317
2021-05-04 13:20:48.711,1.2310792
2021-05-04 13:20:48.752,1.2312095
2021-05-04 13:20:48.792,1.2313608
2021-05-04 13:20:48.833,1.2316003
2021-05-04 13:20:48.874,1.231926
2021-05-04 13:20:48.914,1.2321445
2021-05-04 13:20:48.955,1.2322874
2021-05-04 13:20:48.996,1.2325185
2021-05-04 13:20:49.036,1.2327287
2021-05-04 13:20:49.076,1.2326551
2021-05-04 13:20:49.117,1.2325185
2021-05-04 13:20:49.158,1.2324366
2021-05-04 13:20:49.199,1.2324051
2021-05-04 13:20:49.239,1.2326026
2021-05-04 13:20:49.280,1.2329283
2021-05-04 13:20:49.321,1.2331867
2021-05-04 13:20:49.362,1.2332099
2021-05-04 13:20:49.403,1.2330018
2021-05-04 13:20:49.444,1.2327707
2021-05-04 13:20:49.484,1.2325312
2021-05-04 13:20:49.524,1.2323736
2021-05-04 13:20:49.564,1.2322643
2021-05-04 13:20:49.604,1.2321697
2021-05-04 13:20:49.645,1.232216
2021-05-04 13:20:49.685,1.2323778
2021-05-04 13:20:49.726,1.2325228
2021-05-04 13:20:49.767,1.2325459
2021-05-04 13:20:49.808,1.2323568
2021-05-04 13:20:49.848,1.2319659
2021-05-04 13:20:49.889,1.2316234
2021-05-04 13:20:49.929,1.2315015
2021-05-04 13:20:49.970,1.231512
2021-05-04 13:20:50.011,1.2315562
2021-05-04 13:20:50.051,1.2316024
2021-05-04 13:20:50.091,1.2317873
2021-05-04 13:20:50.132,1.2322244
2021-05-04 13:20:50.172,1.2328085
2021-05-04 13:20:50.212,1.2332477
2021-05-04 13:20:50.253,1.2334704
2021-05-04 13:20:50.294,1.2334137
2021-05-04 13:20:50.335,1.2330817
2021-05-04 13:20:50.375,1.2328064
2021-05-04 13:20:50.416,1.2329493
2021-05-04 13:20:50.457,1.2332582
2021-05-04 13:20:50.498,1.2334179
2021-05-04 13:20:50.539,1.2333359
2021-05-04 13:20:50.580,1.233151
2021-05-04 13:20:50.620,1.2329388
2021-05-04 13:20:50.660,1.2326404
2021-05-04 13:20:50.700,1.2322958
2021-05-04 13:20:50.740,1.2321361
2021-05-04 13:20:50.781,1.2321655
2021-05-04 13:20:50.821,1.2322727
2021-05-04 13:20:50.862,1.2325185
2021-05-04 13:20:50.903,1.2329892
2021-05-04 13:20:50.944,1.2333275
2021-05-04 13:20:50.985,1.2336364
2021-05-04 13:20:51.026,1.2341365
2021-05-04 13:20:51.067,1.2343887
2021-05-04 13:20:51.108,1.2341428
2021-05-04 13:20:51.149,1.2335944
2021-05-04 13:20:51.189,1.2331237
2021-05-04 13:20:51.229,1.2329031
2021-05-04 13:20:51.270,1.2326993
2021-05-04 13:20:51.310,1.2325459
2021-05-04 13:20:51.350,1.2325921
2021-05-04 13:20:51.391,1.2327539
2021-05-04 13:20:51.431,1.2329262
2021-05-04 13:20:51.472,1.2331405
2021-05-04 13:20:51.512,1.2331678
2021-05-04 13:20:51.553,1.2329451
2021-05-04 13:20:51.593,1.2327728
2021-05-04 13:20:51.634,1.2329955
2021-05-04 13:20:51.676,1.2335524
2021-05-04 13:20:51.717,1.2340756
2021-05-04 13:20:51.757,1.2343235
2021-05-04 13:20:51.797,1.2342269
2021-05-04 13:20:51.838,1.233836
2021-05-04 13:20:51.878,1.2332876
2021-05-04 13:20:51.918,1.2327266
2021-05-04 13:20:51.958,1.2321971
2021-05-04 13:20:51.999,1.2317978
2021-05-04 13:20:52.041,1.2315835
2021-05-04 13:20:52.082,1.2316486
2021-05-04 13:20:52.123,1.2319701
2021-05-04 13:20:52.164,1.2324177
2021-05-04 13:20:52.204,1.2329157
2021-05-04 13:20:52.245,1.233088
2021-05-04 13:20:52.286,1.2330229
2021-05-04 13:20:52.326,1.2329157
2021-05-04 13:20:52.366,1.2327392
2021-05-04 13:20:52.406,1.2326047
2021-05-04 13:20:52.447,1.2324114
2021-05-04 13:20:52.488,1.2322223
2021-05-04 13:20:52.529,1.2320479
2021-05-04 13:20:52.569,1.2319323
2021-05-04 13:20:52.610,1.2319806
2021-05-04 13:20:52.651,1.2323504
2021-05-04 13:20:52.692,1.2328043
2021-05-04 13:20:52.732,1.233233
2021-05-04 13:20:52.773,1.2335398
2021-05-04 13:20:52.815,1.2336532
2021-05-04 13:20:52.856,1.2335419
2021-05-04 13:20:52.897,1.233191
2021-05-04 13:20:52.936,1.2328421
2021-05-04 13:20:52.976,1.2328295
2021-05-04 13:20:53.016,1.2331615
2021-05-04 13:20:53.057,1.2334914
2021-05-04 13:20:53.097,1.2337079
2021-05-04 13:20:53.138,1.2339054
2021-05-04 13:20:53.178,1.2339705
2021-05-04 13:20:53.220,1.2341365
2021-05-04 13:20:53.261,1.2344328
2021-05-04 13:20:53.302,1.2345547
2021-05-04 13:20:53.342,1.2343593
2021-05-04 13:20:53.383,1.2339621
2021-05-04 13:20:53.423,1.2334368
2021-05-04 13:20:53.464,1.2329178
2021-05-04 13:20:53.505,1.2326446
2021-05-04 13:20:53.545,1.232777
2021-05-04 13:20:53.586,1.2331195
2021-05-04 13:20:53.627,1.2335377
2021-05-04 13:20:53.668,1.2337982
2021-05-04 13:20:53.708,1.233918
2021-05-04 13:20:53.749,1.2338949
2021-05-04 13:20:53.790,1.2336532
2021-05-04 13:20:53.831,1.233254
2021-05-04 13:20:53.871,1.232985
2021-05-04 13:20:53.912,1.2330754
2021-05-04 13:20:53.954,1.2332918
2021-05-04 13:20:53.995,1.2333464
2021-05-04 13:20:54.035,1.2332414
2021-05-04 13:20:54.076,1.2330502
2021-05-04 13:20:54.117,1.2328632
2021-05-04 13:20:54.157,1.2328337
2021-05-04 13:20:54.198,1.232985
2021-05-04 13:20:54.238,1.2331678
2021-05-04 13:20:54.279,1.2331573
2021-05-04 13:20:54.319,1.2329808
2021-05-04 13:20:54.361,1.23284
2021-05-04 13:20:54.402,1.2328758
2021-05-04 13:20:54.443,1.2331552
2021-05-04 13:20:54.484,1.2336049
2021-05-04 13:20:54.525,1.2339957
2021-05-04 13:20:54.565,1.2340693
2021-05-04 13:20:54.606,1.233855
2021-05-04 13:20:54.647,1.2335839
2021-05-04 13:20:54.688,1.2334767
2021-05-04 13:20:54.729,1.2334116
2021-05-04 13:20:54.770,1.2331531
2021-05-04 13:20:54.810,1.2327749
2021-05-04 13:20:54.850,1.2323799
2021-05-04 13:20:54.890,1.2319302
2021-05-04 13:20:54.930,1.231678
2021-05-04 13:20:54.971,1.2315583
2021-05-04 13:20:55.012,1.2314322
2021-05-04 13:20:55.052,1.2313965
2021-05-04 13:20:55.093,1.2315183
2021-05-04 13:20:55.135,1.2317495
2021-05-04 13:20:55.176,1.2321781
2021-05-04 13:20:55.217,1.2324996
2021-05-04 13:20:55.258,1.2324744
2021-05-04 13:20:55.298,1.2322769
2021-05-04 13:20:55.338,1.232195
2021-05-04 13:20:55.378,1.2322055
2021-05-04 13:20:55.418,1.2322118
2021-05-04 13:20:55.458,1.2323694
2021-05-04 13:20:55.499,1.232777
2021-05-04 13:20:55.540,1.2332078
2021-05-04 13:20:55.581,1.2334284
2021-05-04 13:20:55.621,1.2336217
2021-05-04 13:20:55.661,1.2337331
2021-05-04 13:20:55.702,1.2337814
2021-05-04 13:20:55.743,1.233773
2021-05-04 13:20:55.784,1.2333948
2021-05-04 13:20:55.824,1.2328211
2021-05-04 13:20:55.865,1.2323778
2021-05-04 13:20:55.905,1.2320731
2021-05-04 13:20:55.946,1.2318146
2021-05-04 13:20:55.986,1.2317012
2021-05-04 13:20:56.026,1.2318251
2021-05-04 13:20:56.066,1.2319575
2021-05-04 13:20:56.106,1.2320647
2021-05-04 13:20:56.147,1.232134
2021-05-04 13:20:56.188,1.2317915
2021-05-04 13:20:56.229,1.2311044
2021-05-04 13:20:56.270,1.2305329
2021-05-04 13:20:56.312,1.2304404
2021-05-04 13:20:56.353,1.2308144
2021-05-04 13:20:56.394,1.2312788
2021-05-04 13:20:56.434,1.2316255
2021-05-04 13:20:56.475,1.2319659
2021-05-04 13:20:56.515,1.2322937
2021-05-04 13:20:56.555,1.2326362
2021-05-04 13:20:56.595,1.232943
2021-05-04 13:20:56.635,1.233109
2021-05-04 13:20:56.676,1.2329556
2021-05-04 13:20:56.717,1.2327476
2021-05-04 13:20:56.758,1.2328295
2021-05-04 13:20:56.799,1.2330018
2021-05-04 13:20:56.840,1.2330775
2021-05-04 13:20:56.881,1.233067
2021-05-04 13:20:56.922,1.2330186
2021-05-04 13:20:56.963,1.2329052
2021-05-04 13:20:57.004,1.2328148
2021-05-04 13:20:57.044,1.2328505
2021-05-04 13:20:57.085,1.2329262
2021-05-04 13:20:57.125,1.2328842
2021-05-04 13:20:57.165,1.2327098
2021-05-04 13:20:57.205,1.2325206
2021-05-04 13:20:57.245,1.2325143
2021-05-04 13:20:57.286,1.2327056
2021-05-04 13:20:57.327,1.233172
2021-05-04 13:20:57.368,1.2336616
2021-05-04 13:20:57.409,1.2337919
2021-05-04 13:20:57.450,1.2337394
2021-05-04 13:20:57.490,1.2335482
2021-05-04 13:20:57.531,1.2332498
2021-05-04 13:20:57.571,1.2330123
2021-05-04 13:20:57.612,1.2327203
2021-05-04 13:20:57.652,1.2324744
2021-05-04 13:20:57.692,1.2323168
2021-05-04 13:20:57.733,1.2323126
2021-05-04 13:20:57.773,1.232445
2021-05-04 13:20:57.813,1.2326068
2021-05-04 13:20:57.854,1.232819
2021-05-04 13:20:57.895,1.2330292
2021-05-04 13:20:57.935,1.2334095
2021-05-04 13:20:57.976,1.2339663
2021-05-04 13:20:58.017,1.234334
2021-05-04 13:20:58.058,1.2343256
2021-05-04 13:20:58.098,1.2340903
2021-05-04 13:20:58.139,1.2338024
2021-05-04 13:20:58.179,1.2335272
2021-05-04 13:20:58.220,1.2332834
2021-05-04 13:20:58.261,1.2332057
2021-05-04 13:20:58.301,1.2332582
2021-05-04 13:20:58.342,1.2332708
2021-05-04 13:20:58.382,1.2330859
2021-05-04 13:20:58.423,1.2329661
2021-05-04 13:20:58.464,1.2330144
2021-05-04 13:20:58.505,1.2329073
2021-05-04 13:20:58.545,1.2326215
2021-05-04 13:20:58.586,1.2323441
2021-05-04 13:20:58.628,1.2322328
2021-05-04 13:20:58.669,1.2323063
2021-05-04 13:20:58.710,1.232548
2021-05-04 13:20:58.751,1.2328632
2021-05-04 13:20:58.791,1.2330144
2021-05-04 13:20:58.831,1.2329724
2021-05-04 13:20:58.871,1.2328421
2021-05-04 13:20:58.911,1.2326467
2021-05-04 13:20:58.952,1.2325017
2021-05-04 13:20:58.993,1.2325795
2021-05-04 13:20:59.035,1.232901
2021-05-04 13:20:59.075,1.2331195
2021-05-04 13:20:59.116,1.2328926
2021-05-04 13:20:59.156,1.2323105
2021-05-04 13:20:59.197,1.2317936
2021-05-04 13:20:59.237,1.2317705
2021-05-04 13:20:59.278,1.2320857
2021-05-04 13:20:59.319,1.2324681
2021-05-04 13:20:59.360,1.232819
2021-05-04 13:20:59.401,1.2330712
2021-05-04 13:20:59.441,1.23313
2021-05-04 13:20:59.481,1.233025
2021-05-04 13:20:59.521,1.2327602
2021-05-04 13:20:59.561,1.232424
2021-05-04 13:20:59.602,1.231989
2021-05-04 13:20:59.643,1.2317306
2021-05-04 13:20:59.683,1.2319449
2021-05-04 13:20:59.724,1.2324681
2021-05-04 13:20:59.765,1.2331258
2021-05-04 13:20:59.806,1.233752
2021-05-04 13:20:59.847,1.233981
2021-05-04 13:20:59.888,1.2337982
2021-05-04 13:20:59.928,1.2334326
2021-05-04 13:20:59.968,1.2331531
2021-05-04 13:21:00.008,1.2328148
2021-05-04 13:21:00.048,1.2324324
2021-05-04 13:21:00.088,1.2321886
2021-05-04 13:21:00.129,1.2321865
2021-05-04 13:21:00.170,1.2322748
2021-05-04 13:21:00.211,1.2320878
2021-05-04 13:21:00.252,1.2318798
2021-05-04 13:21:00.292,1.2320374
2021-05-04 13:21:00.333,1.2324597
2021-05-04 13:21:00.373,1.2329661
2021-05-04 13:21:00.414,1.2336238
2021-05-04 13:21:00.455,1.2342689
2021-05-04 13:21:00.496,1.2344937
2021-05-04 13:21:00.536,1.2342437
2021-05-04 13:21:00.577,1.2335965
2021-05-04 13:21:00.618,1.232859
2021-05-04 13:21:00.658,1.2321781
2021-05-04 13:21:00.699,1.231636
2021-05-04 13:21:00.739,1.2313965
2021-05-04 13:21:00.780,1.2316339
2021-05-04 13:21:00.821,1.2321172
2021-05-04 13:21:00.862,1.2325522
2021-05-04 13:21:00.903,1.2327371
2021-05-04 13:21:00.944,1.232798
2021-05-04 13:21:00.985,1.2330502
2021-05-04 13:21:01.026,1.2335482
2021-05-04 13:21:01.066,1.2337877
2021-05-04 13:21:01.107,1.2335776
2021-05-04 13:21:01.147,1.23313
2021-05-04 13:21:01.187,1.2327329
2021-05-04 13:21:01.227,1.2324765
2021-05-04 13:21:01.267,1.2323189
2021-05-04 13:21:01.307,1.2321298
2021-05-04 13:21:01.348,1.2318314
2021-05-04 13:21:01.389,1.231678
2021-05-04 13:21:01.429,1.2317621
2021-05-04 13:21:01.470,1.2318651
2021-05-04 13:21:01.511,1.2320184
2021-05-04 13:21:01.552,1.2323021
2021-05-04 13:21:01.593,1.2325206
2021-05-04 13:21:01.634,1.232611
2021-05-04 13:21:01.674,1.232611
2021-05-04 13:21:01.715,1.2325795
2021-05-04 13:21:01.755,1.2324219
2021-05-04 13:21:01.795,1.2321592
2021-05-04 13:21:01.835,1.2319365
2021-05-04 13:21:01.876,1.2319155
2021-05-04 13:21:01.917,1.2321361
2021-05-04 13:21:01.957,1.2324408
2021-05-04 13:21:01.998,1.2325606
2021-05-04 13:21:02.039,1.2324051
2021-05-04 13:21:02.080,1.2320521
2021-05-04 13:21:02.120,1.2316381
2021-05-04 13:21:02.161,1.2313776
2021-05-04 13:21:02.201,1.2312515
2021-05-04 13:21:02.242,1.2313124
2021-05-04 13:21:02.282,1.231449
2021-05-04 13:21:02.322,1.2316717
2021-05-04 13:21:02.363,1.2320521
2021-05-04 13:21:02.403,1.2323652
2021-05-04 13:21:02.443,1.2326131
2021-05-04 13:21:02.485,1.2327644
2021-05-04 13:21:02.526,1.232819
2021-05-04 13:21:02.567,1.2329598
2021-05-04 13:21:02.608,1.2329976
2021-05-04 13:21:02.649,1.2329157
2021-05-04 13:21:02.690,1.2328148
2021-05-04 13:21:02.731,1.2327476
2021-05-04 13:21:02.772,1.2329199
2021-05-04 13:21:02.813,1.2331552
2021-05-04 13:21:02.854,1.2332918
2021-05-04 13:21:02.894,1.233151
2021-05-04 13:21:02.934,1.2328758
2021-05-04 13:21:02.975,1.2326425
2021-05-04 13:21:03.015,1.232445
2021-05-04 13:21:03.055,1.232361
2021-05-04 13:21:03.095,1.232382
2021-05-04 13:21:03.136,1.2326005
2021-05-04 13:21:03.176,1.2329808
2021-05-04 13:21:03.217,1.2333275
2021-05-04 13:21:03.259,1.2334431
2021-05-04 13:21:03.300,1.2333128
2021-05-04 13:21:03.341,1.2330123
2021-05-04 13:21:03.382,1.2327098
2021-05-04 13:21:03.422,1.2324177
2021-05-04 13:21:03.463,1.2323525
2021-05-04 13:21:03.503,1.2322706
2021-05-04 13:21:03.544,1.2321256
2021-05-04 13:21:03.584,1.2322517
2021-05-04 13:21:03.626,1.2325059
2021-05-04 13:21:03.666,1.2325879
2021-05-04 13:21:03.707,1.2325059
2021-05-04 13:21:03.748,1.2323504
2021-05-04 13:21:03.789,1.2322139
2021-05-04 13:21:03.829,1.2319302
2021-05-04 13:21:03.870,1.2316696
2021-05-04 13:21:03.911,1.2315667
2021-05-04 13:21:03.953,1.2317306
2021-05-04 13:21:03.994,1.232195
2021-05-04 13:21:04.034,1.2327791
2021-05-04 13:21:04.074,1.2334263
2021-05-04 13:21:04.114,1.2337478
2021-05-04 13:21:04.155,1.2337709
2021-05-04 13:21:04.195,1.2337163
2021-05-04 13:21:04.236,1.233773
2021-05-04 13:21:04.276,1.2340231
2021-05-04 13:21:04.317,1.2341827
2021-05-04 13:21:04.359,1.2340798
2021-05-04 13:21:04.400,1.2336553
2021-05-04 13:21:04.440,1.2330165
2021-05-04 13:21:04.481,1.232321
2021-05-04 13:21:04.521,1.2317831
2021-05-04 13:21:04.562,1.2316486
2021-05-04 13:21:04.603,1.2317789
2021-05-04 13:21:04.643,1.232071
2021-05-04 13:21:04.684,1.2323231
2021-05-04 13:21:04.725,1.2324807
2021-05-04 13:21:04.766,1.2326299
2021-05-04 13:21:04.806,1.2328463
2021-05-04 13:21:04.847,1.2331195
2021-05-04 13:21:04.887,1.2334683
2021-05-04 13:21:04.928,1.2338739
2021-05-04 13:21:04.969,1.2342437
2021-05-04 13:21:05.010,1.2344055
2021-05-04 13:21:05.051,1.2343319
2021-05-04 13:21:05.092,1.2341134
2021-05-04 13:21:05.133,1.2338655
2021-05-04 13:21:05.174,1.2337415
2021-05-04 13:21:05.215,1.2336196
2021-05-04 13:21:05.255,1.2333675
2021-05-04 13:21:05.296,1.2330901
2021-05-04 13:21:05.336,1.2330081
2021-05-04 13:21:05.377,1.2329577
2021-05-04 13:21:05.417,1.2326131
2021-05-04 13:21:05.457,1.2321992
2021-05-04 13:21:05.498,1.2318545
2021-05-04 13:21:05.540,1.2317747
2021-05-04 13:21:05.580,1.2320563
2021-05-04 13:21:05.621,1.2325059
2021-05-04 13:21:05.662,1.23288
2021-05-04 13:21:05.703,1.2330586
2021-05-04 13:21:05.743,1.2331573
2021-05-04 13:21:05.784,1.2331889
2021-05-04 13:21:05.824,1.233067
2021-05-04 13:21:05.864,1.2328989
2021-05-04 13:21:05.905,1.2327728
2021-05-04 13:21:05.945,1.2325459
2021-05-04 13:21:05.986,1.2321971
2021-05-04 13:21:06.026,1.2319239
2021-05-04 13:21:06.066,1.2318293
2021-05-04 13:21:06.106,1.2318503
2021-05-04 13:21:06.147,1.2318693
2021-05-04 13:21:06.188,1.2318987
2021-05-04 13:21:06.229,1.2320563
2021-05-04 13:21:06.269,1.2323736
2021-05-04 13:21:06.311,1.2327833
2021-05-04 13:21:06.351,1.2330144
2021-05-04 13:21:06.391,1.2329892
2021-05-04 13:21:06.431,1.232777
2021-05-04 13:21:06.471,1.2326866
2021-05-04 13:21:06.512,1.2329157
2021-05-04 13:21:06.552,1.2332309
2021-05-04 13:21:06.593,1.2332897
2021-05-04 13:21:06.634,1.2332498
2021-05-04 13:21:06.676,1.2331594
2021-05-04 13:21:06.717,1.2329934
2021-05-04 13:21:06.757,1.2328779
2021-05-04 13:21:06.798,1.2327938
2021-05-04 13:21:06.839,1.2328968
2021-05-04 13:21:06.880,1.2332414
2021-05-04 13:21:06.920,1.2334599
2021-05-04 13:21:06.960,1.2333885
2021-05-04 13:21:07.000,1.2331531
2021-05-04 13:21:07.040,1.232922
2021-05-04 13:21:07.081,1.2328337
2021-05-04 13:21:07.121,1.2328148
2021-05-04 13:21:07.161,1.2328758
2021-05-04 13:21:07.202,1.2330544
2021-05-04 13:21:07.242,1.2333296
2021-05-04 13:21:07.283,1.2336322
2021-05-04 13:21:07.324,1.2337709
2021-05-04 13:21:07.365,1.233649
2021-05-04 13:21:07.406,1.2333506
2021-05-04 13:21:07.448,1.2332141
2021-05-04 13:21:07.489,1.2333822
2021-05-04 13:21:07.529,1.2337415
2021-05-04 13:21:07.569,1.234042
2021-05-04 13:21:07.609,1.2340273
2021-05-04 13:21:07.650,1.2339537
2021-05-04 13:21:07.690,1.2338571
2021-05-04 13:21:07.731,1.2337121
2021-05-04 13:21:07.771,1.2334662
2021-05-04 13:21:07.812,1.2331846
2021-05-04 13:21:07.853,1.2329934
2021-05-04 13:21:07.894,1.2330144
2021-05-04 13:21:07.935,1.2331363
2021-05-04 13:21:07.976,1.2333044
2021-05-04 13:21:08.016,1.2334767
2021-05-04 13:21:08.057,1.2336511
2021-05-04 13:21:08.097,1.2336974
2021-05-04 13:21:08.137,1.233544
2021-05-04 13:21:08.177,1.2332729
2021-05-04 13:21:08.218,1.2329472
2021-05-04 13:21:08.258,1.2326299
2021-05-04 13:21:08.298,1.2324807
2021-05-04 13:21:08.339,1.2325942
2021-05-04 13:21:08.380,1.2327917
2021-05-04 13:21:08.421,1.2329283
2021-05-04 13:21:08.462,1.2330859
2021-05-04 13:21:08.503,1.2332246
2021-05-04 13:21:08.544,1.2333086
2021-05-04 13:21:08.585,1.2333527
2021-05-04 13:21:08.627,1.2333359
2021-05-04 13:21:08.668,1.2333717
2021-05-04 13:21:08.708,1.2332855
2021-05-04 13:21:08.748,1.2329346
2021-05-04 13:21:08.789,1.2326215
2021-05-04 13:21:08.829,1.2324219
2021-05-04 13:21:08.869,1.2325438
2021-05-04 13:21:08.909,1.2327875
2021-05-04 13:21:08.950,1.2329955
2021-05-04 13:21:08.992,1.2331594
2021-05-04 13:21:09.033,1.2332561
2021-05-04 13:21:09.073,1.2333254
2021-05-04 13:21:09.114,1.2333969
2021-05-04 13:21:09.154,1.2334851
2021-05-04 13:21:09.195,1.2335839
2021-05-04 13:21:09.235,1.2337037
2021-05-04 13:21:09.275,1.2338907
2021-05-04 13:21:09.316,1.2340714
2021-05-04 13:21:09.357,1.2340252
2021-05-04 13:21:09.398,1.2336742
2021-05-04 13:21:09.438,1.2332582
2021-05-04 13:21:09.479,1.2329871
2021-05-04 13:21:09.519,1.232922
2021-05-04 13:21:09.560,1.2330313
2021-05-04 13:21:09.601,1.2328274
2021-05-04 13:21:09.642,1.2323294
2021-05-04 13:21:09.682,1.2320163
2021-05-04 13:21:09.723,1.2320542
2021-05-04 13:21:09.764,1.2322139
2021-05-04 13:21:09.805,1.2324156
2021-05-04 13:21:09.846,1.2326089
2021-05-04 13:21:09.886,1.2327182
2021-05-04 13:21:09.927,1.2326425
2021-05-04 13:21:09.967,1.2324744
2021-05-04 13:21:10.008,1.2323778
2021-05-04 13:21:10.048,1.2324639
2021-05-04 13:21:10.089,1.2326677
2021-05-04 13:21:10.129,1.2328253
2021-05-04 13:21:10.170,1.2329955
2021-05-04 13:21:10.211,1.233191
2021-05-04 13:21:10.252,1.2333023
2021-05-04 13:21:10.292,1.2334767
2021-05-04 13:21:10.333,1.233628
2021-05-04 13:21:10.373,1.2335755
2021-05-04 13:21:10.413,1.2333906
2021-05-04 13:21:10.453,1.2333254
2021-05-04 13:21:10.493,1.2332372
2021-05-04 13:21:10.534,1.2330733
2021-05-04 13:21:10.574,1.2330754
2021-05-04 13:21:10.615,1.2331426
2021-05-04 13:21:10.655,1.2330397
2021-05-04 13:21:10.696,1.23288
2021-05-04 13:21:10.737,1.2326993
2021-05-04 13:21:10.778,1.2323988
2021-05-04 13:21:10.818,1.2319512
2021-05-04 13:21:10.859,1.231697
2021-05-04 13:21:10.900,1.2315688
2021-05-04 13:21:10.942,1.2317642
2021-05-04 13:21:10.982,1.2322538
2021-05-04 13:21:11.022,1.2326782
2021-05-04 13:21:11.062,1.2329787
2021-05-04 13:21:11.102,1.2330733
2021-05-04 13:21:11.143,1.2329535
2021-05-04 13:21:11.183,1.2327707
2021-05-04 13:21:11.223,1.2326803
2021-05-04 13:21:11.264,1.2327266
2021-05-04 13:21:11.305,1.2328127
2021-05-04 13:21:11.346,1.2329115
2021-05-04 13:21:11.387,1.233046
2021-05-04 13:21:11.428,1.2331405
2021-05-04 13:21:11.469,1.2332414
2021-05-04 13:21:11.509,1.2334284
2021-05-04 13:21:11.550,1.2336953
2021-05-04 13:21:11.590,1.233731
2021-05-04 13:21:11.630,1.2334431
2021-05-04 13:21:11.671,1.2331615
2021-05-04 13:21:11.711,1.2331342
2021-05-04 13:21:11.752,1.2332792
2021-05-04 13:21:11.792,1.233523
2021-05-04 13:21:11.833,1.2335734
2021-05-04 13:21:11.874,1.233544
2021-05-04 13:21:11.915,1.2335019
2021-05-04 13:21:11.955,1.233338
2021-05-04 13:21:11.996,1.2331405
2021-05-04 13:21:12.036,1.2328043
2021-05-04 13:21:12.078,1.232445
2021-05-04 13:21:12.120,1.232195
2021-05-04 13:21:12.160,1.2321697
2021-05-04 13:21:12.200,1.2323631
2021-05-04 13:21:12.240,1.2326236
2021-05-04 13:21:12.280,1.2330901
2021-05-04 13:21:12.321,1.233689
2021-05-04 13:21:12.361,1.2341848
2021-05-04 13:21:12.402,1.2344538
2021-05-04 13:21:12.443,1.2344202
2021-05-04 13:21:12.484,1.2343256
2021-05-04 13:21:12.525,1.2342752
2021-05-04 13:21:12.565,1.2343971
2021-05-04 13:21:12.606,1.2345568
2021-05-04 13:21:12.647,1.2343551
2021-05-04 13:21:12.687,1.2340903
2021-05-04 13:21:12.728,1.2339117
2021-05-04 13:21:12.768,1.2338844
2021-05-04 13:21:12.808,1.2338339
2021-05-04 13:21:12.848,1.2337499
2021-05-04 13:21:12.889,1.2336511
2021-05-04 13:21:12.930,1.2334683
2021-05-04 13:21:12.970,1.2333591
2021-05-04 13:21:13.011,1.2333717
2021-05-04 13:21:13.051,1.2333023
2021-05-04 13:21:13.092,1.233067
2021-05-04 13:21:13.132,1.2330292
2021-05-04 13:21:13.173,1.2333065
2021-05-04 13:21:13.213,1.2335986
2021-05-04 13:21:13.254,1.2336721
2021-05-04 13:21:13.295,1.2335881
2021-05-04 13:21:13.335,1.2335608
2021-05-04 13:21:13.375,1.2335503
2021-05-04 13:21:13.415,1.2335713
2021-05-04 13:21:13.456,1.2336196
2021-05-04 13:21:13.496,1.2335797
2021-05-04 13:21:13.537,1.2333359
2021-05-04 13:21:13.578,1.2330123
2021-05-04 13:21:13.619,1.2326467
2021-05-04 13:21:13.661,1.2324261
2021-05-04 13:21:13.702,1.2325858
2021-05-04 13:21:13.743,1.2329997
2021-05-04 13:21:13.783,1.2333191
2021-05-04 13:21:13.824,1.2334116
2021-05-04 13:21:13.865,1.2332624
2021-05-04 13:21:13.905,1.2330292
2021-05-04 13:21:13.945,1.232714
2021-05-04 13:21:13.985,1.2324555
2021-05-04 13:21:14.026,1.2325459
2021-05-04 13:21:14.067,1.2327791
2021-05-04 13:21:14.107,1.2329451
2021-05-04 13:21:14.148,1.2329745
2021-05-04 13:21:14.189,1.2329871
2021-05-04 13:21:14.230,1.2331741
2021-05-04 13:21:14.270,1.2334389
2021-05-04 13:21:14.311,1.2336868
2021-05-04 13:21:14.352,1.2336595
2021-05-04 13:21:14.393,1.2333675
2021-05-04 13:21:14.434,1.2327833
2021-05-04 13:21:14.475,1.2323568
2021-05-04 13:21:14.515,1.2322727
2021-05-04 13:21:14.555,1.2323462
2021-05-04 13:21:14.596,1.2325522
2021-05-04 13:21:14.636,1.2327266
2021-05-04 13:21:14.677,1.2328526
2021-05-04 13:21:14.717,1.2329283
2021-05-04 13:21:14.758,1.233006
2021-05-04 13:21:14.800,1.2330796
2021-05-04 13:21:14.841,1.2330649
2021-05-04 13:21:14.881,1.2330649
2021-05-04 13:21:14.922,1.2330523
2021-05-04 13:21:14.963,1.2329955
2021-05-04 13:21:15.004,1.232901
2021-05-04 13:21:15.044,1.2328085
2021-05-04 13:21:15.084,1.2326362
2021-05-04 13:21:15.124,1.2324114
2021-05-04 13:21:15.165,1.2323652
2021-05-04 13:21:15.206,1.2325017
2021-05-04 13:21:15.247,1.2326026
2021-05-04 13:21:15.287,1.2326887
2021-05-04 13:21:15.328,1.2327182
2021-05-04 13:21:15.369,1.2325648
2021-05-04 13:21:15.409,1.2323126
2021-05-04 13:21:15.450,1.2322769
2021-05-04 13:21:15.490,1.2325585
2021-05-04 13:21:15.531,1.2329766
2021-05-04 13:21:15.572,1.233357
2021-05-04 13:21:15.613,1.2335398
2021-05-04 13:21:15.653,1.2335082
2021-05-04 13:21:15.693,1.2333443
2021-05-04 13:21:15.734,1.233109
2021-05-04 13:21:15.774,1.2329535
2021-05-04 13:21:15.815,1.2328253
2021-05-04 13:21:15.855,1.2326551
2021-05-04 13:21:15.896,1.2325017
2021-05-04 13:21:15.937,1.2323546
2021-05-04 13:21:15.979,1.2321697
2021-05-04 13:21:16.020,1.2320374
2021-05-04 13:21:16.061,1.2319386
2021-05-04 13:21:16.102,1.2320521
2021-05-04 13:21:16.143,1.2322853
2021-05-04 13:21:16.183,1.2326299
2021-05-04 13:21:16.224,1.2329787
2021-05-04 13:21:16.264,1.2331741
2021-05-04 13:21:16.304,1.2331363
2021-05-04 13:21:16.345,1.2328337
2021-05-04 13:21:16.385,1.2324534
2021-05-04 13:21:16.425,1.2320205
2021-05-04 13:21:16.465,1.2316928
2021-05-04 13:21:16.506,1.2312914
2021-05-04 13:21:16.546,1.2309741
2021-05-04 13:21:16.587,1.2311485
2021-05-04 13:21:16.628,1.2316024
2021-05-04 13:21:16.669,1.2321487
2021-05-04 13:21:16.710,1.2325669
2021-05-04 13:21:16.752,1.2327203
2021-05-04 13:21:16.792,1.2329094
2021-05-04 13:21:16.832,1.2331489
2021-05-04 13:21:16.872,1.233212
2021-05-04 13:21:16.912,1.2332288
2021-05-04 13:21:16.953,1.2333527
2021-05-04 13:21:16.993,1.2336427
2021-05-04 13:21:17.034,1.2339747
2021-05-04 13:21:17.074,1.2341659
2021-05-04 13:21:17.116,1.2341449
2021-05-04 13:21:17.157,1.2338844
2021-05-04 13:21:17.198,1.2335776
2021-05-04 13:21:17.238,1.2333023
2021-05-04 13:21:17.279,1.2331531
2021-05-04 13:21:17.320,1.233212
2021-05-04 13:21:17.361,1.2333885
2021-05-04 13:21:17.400,1.2335797
2021-05-04 13:21:17.440,1.2336511
2021-05-04 13:21:17.481,1.2336343
2021-05-04 13:21:17.522,1.2335335
2021-05-04 13:21:17.562,1.2333464
2021-05-04 13:21:17.602,1.2330985
2021-05-04 13:21:17.643,1.2326383
2021-05-04 13:21:17.684,1.232279
2021-05-04 13:21:17.725,1.2321466
2021-05-04 13:21:17.766,1.2321466
2021-05-04 13:21:17.806,1.232279
2021-05-04 13:21:17.847,1.2324534
2021-05-04 13:21:17.889,1.2325228
2021-05-04 13:21:17.929,1.2323946
2021-05-04 13:21:17.969,1.2322076
2021-05-04 13:21:18.010,1.2322097
2021-05-04 13:21:18.050,1.2323252
2021-05-04 13:21:18.090,1.2324072
2021-05-04 13:21:18.130,1.2324597
2021-05-04 13:21:18.171,1.2325333
2021-05-04 13:21:18.211,1.2325501
2021-05-04 13:21:18.252,1.2324723
2021-05-04 13:21:18.293,1.2325333
2021-05-04 13:21:18.334,1.2327098
2021-05-04 13:21:18.375,1.2327917
2021-05-04 13:21:18.416,1.2327203
2021-05-04 13:21:18.457,1.232527
2021-05-04 13:21:18.497,1.2322286
2021-05-04 13:21:18.537,1.2318861
2021-05-04 13:21:18.577,1.2317705
2021-05-04 13:21:18.618,1.2319386
2021-05-04 13:21:18.659,1.2322643
2021-05-04 13:21:18.699,1.232674
2021-05-04 13:21:18.739,1.2329976
2021-05-04 13:21:18.780,1.2329892
2021-05-04 13:21:18.821,1.2327434
2021-05-04 13:21:18.861,1.2326089
2021-05-04 13:21:18.901,1.2327308
2021-05-04 13:21:18.942,1.2330229
2021-05-04 13:21:18.983,1.2332645
2021-05-04 13:21:19.024,1.2333149
2021-05-04 13:21:19.064,1.2331825
2021-05-04 13:21:19.104,1.2330796
2021-05-04 13:21:19.145,1.2330523
2021-05-04 13:21:19.185,1.2329283
2021-05-04 13:21:19.226,1.2325921
2021-05-04 13:21:19.266,1.2320962
2021-05-04 13:21:19.307,1.2317327
2021-05-04 13:21:19.347,1.2315015
2021-05-04 13:21:19.388,1.2313103
2021-05-04 13:21:19.430,1.2313187
2021-05-04 13:21:19.471,1.2316843
2021-05-04 13:21:19.511,1.2319365
2021-05-04 13:21:19.552,1.2319428
2021-05-04 13:21:19.593,1.2320163
2021-05-04 13:21:19.634,1.23201
2021-05-04 13:21:19.674,1.2319743
2021-05-04 13:21:19.714,1.2320773
2021-05-04 13:21:19.754,1.2322748
2021-05-04 13:21:19.795,1.2324408
2021-05-04 13:21:19.836,1.2326194
2021-05-04 13:21:19.877,1.2328127
2021-05-04 13:21:19.918,1.2328148
2021-05-04 13:21:19.959,1.232527
2021-05-04 13:21:20.000,1.2322349
2021-05-04 13:21:20.040,1.2320794
2021-05-04 13:21:20.081,1.232113
2021-05-04 13:21:20.121,1.2322517
2021-05-04 13:21:20.162,1.232361
2021-05-04 13:21:20.204,1.2323168
2021-05-04 13:21:20.245,1.2323189
2021-05-04 13:21:20.285,1.2324597
2021-05-04 13:21:20.325,1.23259
2021-05-04 13:21:20.365,1.2325164
2021-05-04 13:21:20.405,1.2323673
2021-05-04 13:21:20.445,1.2321781
2021-05-04 13:21:20.485,1.2320374
2021-05-04 13:21:20.526,1.2320353
2021-05-04 13:21:20.567,1.2319995
2021-05-04 13:21:20.608,1.2318924
2021-05-04 13:21:20.648,1.231844
2021-05-04 13:21:20.689,1.2318672
2021-05-04 13:21:20.730,1.2318167
2021-05-04 13:21:20.771,1.2317663
2021-05-04 13:21:20.811,1.2318524
2021-05-04 13:21:20.851,1.2320458
2021-05-04 13:21:20.891,1.2323168
2021-05-04 13:21:20.932,1.2325101
2021-05-04 13:21:20.972,1.2325459
2021-05-04 13:21:21.013,1.2323357
2021-05-04 13:21:21.054,1.2318503
2021-05-04 13:21:21.095,1.2314658
2021-05-04 13:21:21.136,1.2312494
2021-05-04 13:21:21.177,1.2311905
2021-05-04 13:21:21.218,1.2311863
2021-05-04 13:21:21.259,1.2311191
2021-05-04 13:21:21.301,1.2310203
2021-05-04 13:21:21.342,1.2309405
2021-05-04 13:21:21.383,1.2309573
2021-05-04 13:21:21.423,1.2311422
2021-05-04 13:21:21.463,1.2313713
2021-05-04 13:21:21.503,1.2315541
2021-05-04 13:21:21.543,1.2316171
2021-05-04 13:21:21.583,1.2316738
2021-05-04 13:21:21.624,1.2318167
2021-05-04 13:21:21.666,1.2319659
2021-05-04 13:21:21.707,1.2321361
2021-05-04 13:21:21.748,1.2323084
2021-05-04 13:21:21.789,1.2324702
2021-05-04 13:21:21.829,1.2325816
2021-05-04 13:21:21.870,1.2326215
2021-05-04 13:21:21.910,1.2326152
2021-05-04 13:21:21.951,1.2325879
2021-05-04 13:21:21.991,1.2326572
2021-05-04 13:21:22.031,1.2328421
2021-05-04 13:21:22.072,1.2331006
2021-05-04 13:21:22.112,1.2333191
2021-05-04 13:21:22.152,1.2334074
2021-05-04 13:21:22.192,1.2334641
2021-05-04 13:21:22.233,1.2335356
2021-05-04 13:21:22.273,1.233628
2021-05-04 13:21:22.314,1.2337877
2021-05-04 13:21:22.355,1.2339558
2021-05-04 13:21:22.396,1.2339054
2021-05-04 13:21:22.436,1.2335776
2021-05-04 13:21:22.478,1.2331321
2021-05-04 13:21:22.519,1.2327182
2021-05-04 13:21:22.559,1.2325291
2021-05-04 13:21:22.599,1.2324387
2021-05-04 13:21:22.639,1.2323673
2021-05-04 13:21:22.680,1.2324954
2021-05-04 13:21:22.720,1.2327707
2021-05-04 13:21:22.761,1.2330838
2021-05-04 13:21:22.801,1.2332981
2021-05-04 13:21:22.842,1.2333338
2021-05-04 13:21:22.883,1.2335103
2021-05-04 13:21:22.924,1.2337667
2021-05-04 13:21:22.964,1.233815
2021-05-04 13:21:23.005,1.2336553
2021-05-04 13:21:23.045,1.2333464
2021-05-04 13:21:23.086,1.2330165
2021-05-04 13:21:23.126,1.2328064
2021-05-04 13:21:23.166,1.2327266
2021-05-04 13:21:23.207,1.2325858
2021-05-04 13:21:23.247,1.2324051
2021-05-04 13:21:23.288,1.2322622
2021-05-04 13:21:23.328,1.2322748
2021-05-04 13:21:23.369,1.2324639
2021-05-04 13:21:23.410,1.232735
2021-05-04 13:21:23.451,1.2328716
2021-05-04 13:21:23.491,1.2328232
2021-05-04 13:21:23.532,1.2327035
2021-05-04 13:21:23.573,1.2325879
2021-05-04 13:21:23.614,1.2325417
2021-05-04 13:21:23.655,1.2324723
2021-05-04 13:21:23.695,1.2326236
2021-05-04 13:21:23.735,1.2328022
2021-05-04 13:21:23.775,1.232756
2021-05-04 13:21:23.816,1.2327182
